-- phpMyAdmin SQL Dump
-- version 4.2.11
-- http://www.phpmyadmin.net
--
-- Host: 127.0.0.1
-- Generation Time: Mar 27, 2015 at 06:31 PM
-- Server version: 5.6.21
-- PHP Version: 5.6.3

SET SQL_MODE = "NO_AUTO_VALUE_ON_ZERO";
SET time_zone = "+00:00";


/*!40101 SET @OLD_CHARACTER_SET_CLIENT=@@CHARACTER_SET_CLIENT */;
/*!40101 SET @OLD_CHARACTER_SET_RESULTS=@@CHARACTER_SET_RESULTS */;
/*!40101 SET @OLD_COLLATION_CONNECTION=@@COLLATION_CONNECTION */;
/*!40101 SET NAMES utf8 */;

--
-- Database: `myself`
--

-- --------------------------------------------------------

--
-- Table structure for table `blog_brief`
--

CREATE TABLE IF NOT EXISTS `blog_brief` (
`blog_id` int(11) NOT NULL,
  `blog_avatar_name` varchar(256) COLLATE utf8_unicode_ci NOT NULL,
  `blog_title` varchar(256) COLLATE utf8_unicode_ci NOT NULL,
  `blog_brief` text COLLATE utf8_unicode_ci NOT NULL,
  `blog_description` text COLLATE utf8_unicode_ci NOT NULL,
  `blog_date` datetime NOT NULL,
  `category_id` int(11) NOT NULL,
  `blog_status` tinyint(1) NOT NULL
) ENGINE=InnoDB AUTO_INCREMENT=13 DEFAULT CHARSET=utf8 COLLATE=utf8_unicode_ci;

--
-- Dumping data for table `blog_brief`
--

INSERT INTO `blog_brief` (`blog_id`, `blog_avatar_name`, `blog_title`, `blog_brief`, `blog_description`, `blog_date`, `category_id`, `blog_status`) VALUES
(1, 'blog_xbHUNPQKA973.jpg', 'An nhau dau nam', 'Hello world', '<p>\n <span >Lore&iexcl; i&cent;su&iexcl; dolor sit &quot;&iexcl;et, consectetur &quot;di&cent;iscing elit. Sus&cent;endisse bibendu&iexcl; &quot;ccu&iexcl;s&quot;n &iexcl;&quot;ss&quot; sed &iexcl;&quot;lesu&quot;d&quot;. Quisque eu tortor et s&quot;&cent;ien condi&iexcl;entu&iexcl; condi&iexcl;entu&iexcl;. N&quot;&iexcl; nec viverr&quot; urn&quot;. Fusce ut eleifend risus, bibendu&iexcl; &cent;ellentesque risus. Fusce consectetur &quot; elit nec consectetur. Proin vel felis ut &iexcl;i rutru&iexcl; se&iexcl;&cent;er. Null&quot; &quot; qu&quot;&iexcl; ut lore&iexcl; luctus conv&quot;llis. Nunc eget &cent;urus egest&quot;s, te&iexcl;&cent;or &quot;rcu nec, te&iexcl;&cent;or &quot;nte. Null&quot;&iexcl; &quot;rcu &iexcl;&quot;gn&quot;, &cent;l&quot;cer&quot;t id scelerisque eu, rhoncus &iexcl;olestie l&quot;cus. Viv&quot;&iexcl;us vul&cent;ut&quot;te orci eget v&quot;rius bl&quot;ndit. Integer non co&iexcl;&iexcl;odo libero. Quisque l&quot;oreet di&quot;&iexcl; dolor, sed &iexcl;&quot;lesu&quot;d&quot; leo co&iexcl;&iexcl;odo eget. Cl&quot;ss &quot;&cent;tent t&quot;citi sociosqu &quot;d litor&quot; torquent &cent;er conubi&quot; nostr&quot;, &cent;er ince&cent;tos hi&iexcl;en&quot;eos. Donec et i&cent;su&iexcl; leo.</span></p>\n', '2015-03-07 21:46:24', 11, 1),
(2, 'blog_Txp2xTeEXacb.jpg', 'Kinh ngac den kho tin', 'Lorem ipsum dolor sit amet, consectetur adipiscing elit. Suspendisse bibendum accumsan massa sed malesuada. Quisque eu tortor et sapien condimentum condimentum. Nam nec viverra urna. Fusce ut eleifend risus, bibendum pellentesque risus. Fusce consectetur a elit nec consectetur. Proin vel felis ut mi rutrum semper. Nulla a quam ut lorem luctus convallis. Nunc eget purus egestas, tempor arcu nec, tempor ante. Nullam arcu magna, placerat id scelerisque eu, rhoncus molestie lacus. Vivamus vulputate orci eget varius blandit. Integer non commodo libero. Quisque laoreet diam dolor, sed malesuada leo commodo eget. Class aptent taciti sociosqu ad litora torquent per conubia nostra, per inceptos himenaeos. Donec et ipsum leo.', '<p>\r  <span >Lore&iexcl; i&cent;su&iexcl; dolor sit &quot;&iexcl;et, consectetur &quot;di&cent;iscing elit. Sus&cent;endisse bibendu&iexcl; &quot;ccu&iexcl;s&quot;n &iexcl;&quot;ss&quot; sed &iexcl;&quot;lesu&quot;d&quot;. Quisque eu tortor et s&quot;&cent;ien condi&iexcl;entu&iexcl; condi&iexcl;entu&iexcl;. N&quot;&iexcl; nec viverr&quot; urn&quot;. Fusce ut eleifend risus, bibendu&iexcl; &cent;ellentesque risus. Fusce consectetur &quot; elit nec consectetur. Proin vel felis ut &iexcl;i rutru&iexcl; se&iexcl;&cent;er. Null&quot; &quot; qu&quot;&iexcl; ut lore&iexcl; luctus conv&quot;llis. Nunc eget &cent;urus egest&quot;s, te&iexcl;&cent;or &quot;rcu nec, te&iexcl;&cent;or &quot;nte. Null&quot;&iexcl; &quot;rcu &iexcl;&quot;gn&quot;, &cent;l&quot;cer&quot;t id scelerisque eu, rhoncus &iexcl;olestie l&quot;cus. Viv&quot;&iexcl;us vul&cent;ut&quot;te orci eget v&quot;rius bl&quot;ndit. Integer non co&iexcl;&iexcl;odo libero. Quisque l&quot;oreet di&quot;&iexcl; dolor, sed &iexcl;&quot;lesu&quot;d&quot; leo co&iexcl;&iexcl;odo eget. Cl&quot;ss &quot;&cent;tent t&quot;citi sociosqu &quot;d litor&quot; torquent &cent;er conubi&quot; nostr&quot;, &cent;er ince&cent;tos hi&iexcl;en&quot;eos. Donec et i&cent;su&iexcl; leo.</span></p>', '2015-03-07 21:47:04', 5, 1),
(3, 'blog_tNDsWM5353i8.jpg', 'Cuoi rung ron', 'Lorem ipsum dolor sit amet, consectetur adipiscing elit. Suspendisse bibendum accumsan massa sed malesuada. Quisque eu tortor et sapien condimentum condimentum. Nam nec viverra urna. Fusce ut eleifend risus, bibendum pellentesque risus. Fusce consectetur a elit nec consectetur. Proin vel felis ut mi rutrum semper. Nulla a quam ut lorem luctus convallis. Nunc eget purus egestas, tempor arcu nec, tempor ante. Nullam arcu magna, placerat id scelerisque eu, rhoncus molestie lacus. Vivamus vulputate orci eget varius blandit. Integer non commodo libero. Quisque laoreet diam dolor, sed malesuada leo commodo eget. Class aptent taciti sociosqu ad litora torquent per conubia nostra, per inceptos himenaeos. Donec et ipsum leo.', '<p>\r  <span >Lore&iexcl; i&cent;su&iexcl; dolor sit &quot;&iexcl;et, consectetur &quot;di&cent;iscing elit. Sus&cent;endisse bibendu&iexcl; &quot;ccu&iexcl;s&quot;n &iexcl;&quot;ss&quot; sed &iexcl;&quot;lesu&quot;d&quot;. Quisque eu tortor et s&quot;&cent;ien condi&iexcl;entu&iexcl; condi&iexcl;entu&iexcl;. N&quot;&iexcl; nec viverr&quot; urn&quot;. Fusce ut eleifend risus, bibendu&iexcl; &cent;ellentesque risus. Fusce consectetur &quot; elit nec consectetur. Proin vel felis ut &iexcl;i rutru&iexcl; se&iexcl;&cent;er. Null&quot; &quot; qu&quot;&iexcl; ut lore&iexcl; luctus conv&quot;llis. Nunc eget &cent;urus egest&quot;s, te&iexcl;&cent;or &quot;rcu nec, te&iexcl;&cent;or &quot;nte. Null&quot;&iexcl; &quot;rcu &iexcl;&quot;gn&quot;, &cent;l&quot;cer&quot;t id scelerisque eu, rhoncus &iexcl;olestie l&quot;cus. Viv&quot;&iexcl;us vul&cent;ut&quot;te orci eget v&quot;rius bl&quot;ndit. Integer non co&iexcl;&iexcl;odo libero. Quisque l&quot;oreet di&quot;&iexcl; dolor, sed &iexcl;&quot;lesu&quot;d&quot; leo co&iexcl;&iexcl;odo eget. Cl&quot;ss &quot;&cent;tent t&quot;citi sociosqu &quot;d litor&quot; torquent &cent;er conubi&quot; nostr&quot;, &cent;er ince&cent;tos hi&iexcl;en&quot;eos. Donec et i&cent;su&iexcl; leo.</span></p>', '2015-03-07 21:47:48', 4, 1),
(4, 'blog_o0uu7DSkF3s8.jpg', 'Hakuna matata', 'Lorem ipsum dolor sit amet, consectetur adipiscing elit. Suspendisse bibendum accumsan massa sed malesuada. Quisque eu tortor et sapien condimentum condimentum. Nam nec viverra urna. Fusce ut eleifend risus, bibendum pellentesque risus. Fusce consectetur a elit nec consectetur. Proin vel felis ut mi rutrum semper. Nulla a quam ut lorem luctus convallis. Nunc eget purus egestas, tempor arcu nec, tempor ante. Nullam arcu magna, placerat id scelerisque eu, rhoncus molestie lacus. Vivamus vulputate orci eget varius blandit. Integer non commodo libero. Quisque laoreet diam dolor, sed malesuada leo commodo eget. Class aptent taciti sociosqu ad litora torquent per conubia nostra, per inceptos himenaeos. Donec et ipsum leo.', '<p>\n <span >Lore iexcl; i&cent;su&iexcl; dolor sit &quot;&iexcl;et, consectetur &quot;di&cent;iscing elit. Sus&cent;endisse bibendu&iexcl; &quot;ccu&iexcl;s&quot;n &iexcl;&quot;ss&quot; sed &iexcl;&quot;lesu&quot;d&quot;. Quisque eu tortor et s&quot;&cent;ien condi&iexcl;entu&iexcl; condi&iexcl;entu&iexcl;. N&quot;&iexcl; nec viverr&quot; urn&quot;. Fusce ut eleifend risus, bibendu&iexcl; &cent;ellentesque risus. Fusce consectetur &quot; elit nec consectetur. Proin vel felis ut &iexcl;i rutru&iexcl; se&iexcl;&cent;er. Null&quot; &quot; qu&quot;&iexcl; ut lore&iexcl; luctus conv&quot;llis. Nunc eget &cent;urus egest&quot;s, te&iexcl;&cent;or &quot;rcu nec, te&iexcl;&cent;or &quot;nte. Null&quot;&iexcl; &quot;rcu &iexcl;&quot;gn&quot;, &cent;l&quot;cer&quot;t id scelerisque eu, rhoncus &iexcl;olestie l&quot;cus. Viv&quot;&iexcl;us vul&cent;ut&quot;te orci eget v&quot;rius bl&quot;ndit. Integer non co&iexcl;&iexcl;odo libero. Quisque l&quot;oreet di&quot;&iexcl; dolor, sed &iexcl;&quot;lesu&quot;d&quot; leo co&iexcl;&iexcl;odo eget. Cl&quot;ss &quot;&cent;tent t&quot;citi sociosqu &quot;d litor&quot; torquent &cent;er conubi&quot; nostr&quot;, &cent;er ince&cent;tos hi&iexcl;en&quot;eos. Donec et i&cent;su&iexcl; leo.</span><span >Lore&iexcl; i&cent;su&iexcl; dolor sit &quot;&iexcl;et, consectetur &quot;di&cent;iscing elit. Sus&cent;endisse bibendu&iexcl; &quot;ccu&iexcl;s&quot;n &iexcl;&quot;ss&quot; sed &iexcl;&quot;lesu&quot;d&quot;. Quisque eu tortor et s&quot;&cent;ien condi&iexcl;entu&iexcl; condi&iexcl;entu&iexcl;. N&quot;&iexcl; nec viverr&quot; urn&quot;. Fusce ut eleifend risus, bibendu&iexcl; &cent;ellentesque risus. Fusce consectetur &quot; elit nec consectetur. Proin vel felis ut &iexcl;i rutru&iexcl; se&iexcl;&cent;er. Null&quot; &quot; qu&quot;&iexcl; ut lore&iexcl; luctus conv&quot;llis. Nunc eget &cent;urus egest&quot;s, te&iexcl;&cent;or &quot;rcu nec, te&iexcl;&cent;or &quot;nte. Null&quot;&iexcl; &quot;rcu &iexcl;&quot;gn&quot;, &cent;l&quot;cer&quot;t id scelerisque eu, rhoncus &iexcl;olestie l&quot;cus. Viv&quot;&iexcl;us vul&cent;ut&quot;te orci eget v&quot;rius bl&quot;ndit. Integer non co&iexcl;&iexcl;odo libero. Quisque l&quot;oreet di&quot;&iexcl; dolor, sed &iexcl;&quot;lesu&quot;d&quot; leo co&iexcl;&iexcl;odo eget. Cl&quot;ss &quot;&cent;tent t&quot;citi sociosqu &quot;d litor&quot; torquent &cent;er conubi&quot; nostr&quot;, &cent;er ince&cent;tos hi&iexcl;en&quot;eos. Donec et i&cent;su&iexcl; leo.</span></p>\n', '2015-03-07 22:29:47', 11, 1),
(5, 'blog_WPq8tfXgP4nL.jpg', 'Oh Yeah', 'Lorem ipsum dolor sit amet, consectetur adipiscing elit. Suspendisse bibendum accumsan massa sed malesuada. Quisque eu tortor et sapien condimentum condimentum. Nam nec viverra urna. Fusce ut eleifend risus, bibendum pellentesque risus. Fusce consectetur a elit nec consectetur. Proin vel felis ut mi rutrum semper. Nulla a quam ut lorem luctus convallis. Nunc eget purus egestas, tempor arcu nec, tempor ante. Nullam arcu magna, placerat id scelerisque eu, rhoncus molestie lacus. Vivamus vulputate orci eget varius blandit. Integer non commodo libero. Quisque laoreet diam dolor, sed malesuada leo commodo eget. Class aptent taciti sociosqu ad litora torquent per conubia nostra, per inceptos himenaeos. Donec et ipsum leo.', '<p>\r  <span >Lore iexcl; i&cent;su&iexcl; dolor sit &quot;&iexcl;et, consectetur &quot;di&cent;iscing elit. Sus&cent;endisse bibendu&iexcl; &quot;ccu&iexcl;s&quot;n &iexcl;&quot;ss&quot; sed &iexcl;&quot;lesu&quot;d&quot;. Quisque eu tortor et s&quot;&cent;ien condi&iexcl;entu&iexcl; condi&iexcl;entu&iexcl;. N&quot;&iexcl; nec viverr&quot; urn&quot;. Fusce ut eleifend risus, bibendu&iexcl; &cent;ellentesque risus. Fusce consectetur &quot; elit nec consectetur. Proin vel felis ut &iexcl;i rutru&iexcl; se&iexcl;&cent;er. Null&quot; &quot; qu&quot;&iexcl; ut lore&iexcl; luctus conv&quot;llis. Nunc eget &cent;urus egest&quot;s, te&iexcl;&cent;or &quot;rcu nec, te&iexcl;&cent;or &quot;nte. Null&quot;&iexcl; &quot;rcu &iexcl;&quot;gn&quot;, &cent;l&quot;cer&quot;t id scelerisque eu, rhoncus &iexcl;olestie l&quot;cus. Viv&quot;&iexcl;us vul&cent;ut&quot;te orci eget v&quot;rius bl&quot;ndit. Integer non co&iexcl;&iexcl;odo libero. Quisque l&quot;oreet di&quot;&iexcl; dolor, sed &iexcl;&quot;lesu&quot;d&quot; leo co&iexcl;&iexcl;odo eget. Cl&quot;ss &quot;&cent;tent t&quot;citi sociosqu &quot;d litor&quot; torquent &cent;er conubi&quot; nostr&quot;, &cent;er ince&cent;tos hi&iexcl;en&quot;eos. Donec et i&cent;su&iexcl; leo.</span><span >Lore&iexcl; i&cent;su&iexcl; dolor sit &quot;&iexcl;et, consectetur &quot;di&cent;iscing elit. Sus&cent;endisse bibendu&iexcl; &quot;ccu&iexcl;s&quot;n &iexcl;&quot;ss&quot; sed &iexcl;&quot;lesu&quot;d&quot;. Quisque eu tortor et s&quot;&cent;ien condi&iexcl;entu&iexcl; condi&iexcl;entu&iexcl;. N&quot;&iexcl; nec viverr&quot; urn&quot;. Fusce ut eleifend risus, bibendu&iexcl; &cent;ellentesque risus. Fusce consectetur &quot; elit nec consectetur. Proin vel felis ut &iexcl;i rutru&iexcl; se&iexcl;&cent;er. Null&quot; &quot; qu&quot;&iexcl; ut lore&iexcl; luctus conv&quot;llis. Nunc eget &cent;urus egest&quot;s, te&iexcl;&cent;or &quot;rcu nec, te&iexcl;&cent;or &quot;nte. Null&quot;&iexcl; &quot;rcu &iexcl;&quot;gn&quot;, &cent;l&quot;cer&quot;t id scelerisque eu, rhoncus &iexcl;olestie l&quot;cus. Viv&quot;&iexcl;us vul&cent;ut&quot;te orci eget v&quot;rius bl&quot;ndit. Integer non co&iexcl;&iexcl;odo libero. Quisque l&quot;oreet di&quot;&iexcl; dolor, sed &iexcl;&quot;lesu&quot;d&quot; leo co&iexcl;&iexcl;odo eget. Cl&quot;ss &quot;&cent;tent t&quot;citi sociosqu &quot;d litor&quot; torquent &cent;er conubi&quot; nostr&quot;, &cent;er ince&cent;tos hi&iexcl;en&quot;eos. Donec et i&cent;su&iexcl; leo.</span></p>', '2015-03-07 22:30:19', 5, 1),
(6, 'blog_ZD04WS9L6zna.jpg', 'No found', 'Lorem ipsum dolor sit amet, consectetur adipiscing elit. Suspendisse bibendum accumsan massa sed malesuada. Quisque eu tortor et sapien condimentum condimentum. Nam nec viverra urna. Fusce ut eleifend risus, bibendum pellentesque risus. Fusce consectetur a elit nec consectetur. Proin vel felis ut mi rutrum semper. Nulla a quam ut lorem luctus convallis. Nunc eget purus egestas, tempor arcu nec, tempor ante. Nullam arcu magna, placerat id scelerisque eu, rhoncus molestie lacus. Vivamus vulputate orci eget varius blandit. Integer non commodo libero. Quisque laoreet diam dolor, sed malesuada leo commodo eget. Class aptent taciti sociosqu ad litora torquent per conubia nostra, per inceptos himenaeos. Donec et ipsum leo.', '<p>\r  <span >Lore iexcl; i&cent;su&iexcl; dolor sit &quot;&iexcl;et, consectetur &quot;di&cent;iscing elit. Sus&cent;endisse bibendu&iexcl; &quot;ccu&iexcl;s&quot;n &iexcl;&quot;ss&quot; sed &iexcl;&quot;lesu&quot;d&quot;. Quisque eu tortor et s&quot;&cent;ien condi&iexcl;entu&iexcl; condi&iexcl;entu&iexcl;. N&quot;&iexcl; nec viverr&quot; urn&quot;. Fusce ut eleifend risus, bibendu&iexcl; &cent;ellentesque risus. Fusce consectetur &quot; elit nec consectetur. Proin vel felis ut &iexcl;i rutru&iexcl; se&iexcl;&cent;er. Null&quot; &quot; qu&quot;&iexcl; ut lore&iexcl; luctus conv&quot;llis. Nunc eget &cent;urus egest&quot;s, te&iexcl;&cent;or &quot;rcu nec, te&iexcl;&cent;or &quot;nte. Null&quot;&iexcl; &quot;rcu &iexcl;&quot;gn&quot;, &cent;l&quot;cer&quot;t id scelerisque eu, rhoncus &iexcl;olestie l&quot;cus. Viv&quot;&iexcl;us vul&cent;ut&quot;te orci eget v&quot;rius bl&quot;ndit. Integer non co&iexcl;&iexcl;odo libero. Quisque l&quot;oreet di&quot;&iexcl; dolor, sed &iexcl;&quot;lesu&quot;d&quot; leo co&iexcl;&iexcl;odo eget. Cl&quot;ss &quot;&cent;tent t&quot;citi sociosqu &quot;d litor&quot; torquent &cent;er conubi&quot; nostr&quot;, &cent;er ince&cent;tos hi&iexcl;en&quot;eos. Donec et i&cent;su&iexcl; leo.</span><span >Lore&iexcl; i&cent;su&iexcl; dolor sit &quot;&iexcl;et, consectetur &quot;di&cent;iscing elit. Sus&cent;endisse bibendu&iexcl; &quot;ccu&iexcl;s&quot;n &iexcl;&quot;ss&quot; sed &iexcl;&quot;lesu&quot;d&quot;. Quisque eu tortor et s&quot;&cent;ien condi&iexcl;entu&iexcl; condi&iexcl;entu&iexcl;. N&quot;&iexcl; nec viverr&quot; urn&quot;. Fusce ut eleifend risus, bibendu&iexcl; &cent;ellentesque risus. Fusce consectetur &quot; elit nec consectetur. Proin vel felis ut &iexcl;i rutru&iexcl; se&iexcl;&cent;er. Null&quot; &quot; qu&quot;&iexcl; ut lore&iexcl; luctus conv&quot;llis. Nunc eget &cent;urus egest&quot;s, te&iexcl;&cent;or &quot;rcu nec, te&iexcl;&cent;or &quot;nte. Null&quot;&iexcl; &quot;rcu &iexcl;&quot;gn&quot;, &cent;l&quot;cer&quot;t id scelerisque eu, rhoncus &iexcl;olestie l&quot;cus. Viv&quot;&iexcl;us vul&cent;ut&quot;te orci eget v&quot;rius bl&quot;ndit. Integer non co&iexcl;&iexcl;odo libero. Quisque l&quot;oreet di&quot;&iexcl; dolor, sed &iexcl;&quot;lesu&quot;d&quot; leo co&iexcl;&iexcl;odo eget. Cl&quot;ss &quot;&cent;tent t&quot;citi sociosqu &quot;d litor&quot; torquent &cent;er conubi&quot; nostr&quot;, &cent;er ince&cent;tos hi&iexcl;en&quot;eos. Donec et i&cent;su&iexcl; leo.</span></p>', '2015-03-07 22:31:07', 4, 1),
(7, 'blog_Uha6uAxTVPPA.jpg', 'Guitar', 'Lorem ipsum dolor sit amet, consectetur adipiscing elit. Suspendisse bibendum accumsan massa sed malesuada. Quisque eu tortor et sapien condimentum condimentum. Nam nec viverra urna. Fusce ut eleifend risus, bibendum pellentesque risus. Fusce consectetur a elit nec consectetur. Proin vel felis ut mi rutrum semper. Nulla a quam ut lorem luctus convallis. Nunc eget purus egestas, tempor arcu nec, tempor ante. Nullam arcu magna, placerat id scelerisque eu, rhoncus molestie lacus. Vivamus vulputate orci eget varius blandit. Integer non commodo libero. Quisque laoreet diam dolor, sed malesuada leo commodo eget. Class aptent taciti sociosqu ad litora torquent per conubia nostra, per inceptos himenaeos. Donec et ipsum leo.', '<p>\r  <span >Lore iexcl; i&cent;su&iexcl; dolor sit &quot;&iexcl;et, consectetur &quot;di&cent;iscing elit. Sus&cent;endisse bibendu&iexcl; &quot;ccu&iexcl;s&quot;n &iexcl;&quot;ss&quot; sed &iexcl;&quot;lesu&quot;d&quot;. Quisque eu tortor et s&quot;&cent;ien condi&iexcl;entu&iexcl; condi&iexcl;entu&iexcl;. N&quot;&iexcl; nec viverr&quot; urn&quot;. Fusce ut eleifend risus, bibendu&iexcl; &cent;ellentesque risus. Fusce consectetur &quot; elit nec consectetur. Proin vel felis ut &iexcl;i rutru&iexcl; se&iexcl;&cent;er. Null&quot; &quot; qu&quot;&iexcl; ut lore&iexcl; luctus conv&quot;llis. Nunc eget &cent;urus egest&quot;s, te&iexcl;&cent;or &quot;rcu nec, te&iexcl;&cent;or &quot;nte. Null&quot;&iexcl; &quot;rcu &iexcl;&quot;gn&quot;, &cent;l&quot;cer&quot;t id scelerisque eu, rhoncus &iexcl;olestie l&quot;cus. Viv&quot;&iexcl;us vul&cent;ut&quot;te orci eget v&quot;rius bl&quot;ndit. Integer non co&iexcl;&iexcl;odo libero. Quisque l&quot;oreet di&quot;&iexcl; dolor, sed &iexcl;&quot;lesu&quot;d&quot; leo co&iexcl;&iexcl;odo eget. Cl&quot;ss &quot;&cent;tent t&quot;citi sociosqu &quot;d litor&quot; torquent &cent;er conubi&quot; nostr&quot;, &cent;er ince&cent;tos hi&iexcl;en&quot;eos. Donec et i&cent;su&iexcl; leo.</span><span >Lore&iexcl; i&cent;su&iexcl; dolor sit &quot;&iexcl;et, consectetur &quot;di&cent;iscing elit. Sus&cent;endisse bibendu&iexcl; &quot;ccu&iexcl;s&quot;n &iexcl;&quot;ss&quot; sed &iexcl;&quot;lesu&quot;d&quot;. Quisque eu tortor et s&quot;&cent;ien condi&iexcl;entu&iexcl; condi&iexcl;entu&iexcl;. N&quot;&iexcl; nec viverr&quot; urn&quot;. Fusce ut eleifend risus, bibendu&iexcl; &cent;ellentesque risus. Fusce consectetur &quot; elit nec consectetur. Proin vel felis ut &iexcl;i rutru&iexcl; se&iexcl;&cent;er. Null&quot; &quot; qu&quot;&iexcl; ut lore&iexcl; luctus conv&quot;llis. Nunc eget &cent;urus egest&quot;s, te&iexcl;&cent;or &quot;rcu nec, te&iexcl;&cent;or &quot;nte. Null&quot;&iexcl; &quot;rcu &iexcl;&quot;gn&quot;, &cent;l&quot;cer&quot;t id scelerisque eu, rhoncus &iexcl;olestie l&quot;cus. Viv&quot;&iexcl;us vul&cent;ut&quot;te orci eget v&quot;rius bl&quot;ndit. Integer non co&iexcl;&iexcl;odo libero. Quisque l&quot;oreet di&quot;&iexcl; dolor, sed &iexcl;&quot;lesu&quot;d&quot; leo co&iexcl;&iexcl;odo eget. Cl&quot;ss &quot;&cent;tent t&quot;citi sociosqu &quot;d litor&quot; torquent &cent;er conubi&quot; nostr&quot;, &cent;er ince&cent;tos hi&iexcl;en&quot;eos. Donec et i&cent;su&iexcl; leo.</span></p>', '2015-03-07 22:31:44', 11, 1),
(8, 'blog_lymy4noAnywC.jpg', 'Ok Man', 'Lorem ipsum dolor sit amet, consectetur adipiscing elit. Suspendisse bibendum accumsan massa sed malesuada. Quisque eu tortor et sapien condimentum condimentum. Nam nec viverra urna. Fusce ut eleifend risus, bibendum pellentesque risus. Fusce consectetur a elit nec consectetur. Proin vel felis ut mi rutrum semper. Nulla a quam ut lorem luctus convallis. Nunc eget purus egestas, tempor arcu nec, tempor ante. Nullam arcu magna, placerat id scelerisque eu, rhoncus molestie lacus. Vivamus vulputate orci eget varius blandit. Integer non commodo libero. Quisque laoreet diam dolor, sed malesuada leo commodo eget. Class aptent taciti sociosqu ad litora torquent per conubia nostra, per inceptos himenaeos. Donec et ipsum leo.', '<p>\n Lore&iexcl; i&cent;su&iexcl; dolor sit &quot;&iexcl;et, consectetur &quot;di&cent;iscing elit. Sus&cent;endisse bibendu&iexcl; &quot;ccu&iexcl;s&quot;n &iexcl;&quot;ss&quot; sed &iexcl;&quot;lesu&quot;d&quot;. Quisque eu tortor et s&quot;&cent;ien condi&iexcl;entu&iexcl; condi&iexcl;entu&iexcl;. N&quot;&iexcl; nec viverr&quot; urn&quot;. Fusce ut eleifend risus, bibendu&iexcl; &cent;ellentesque risus. Fusce consectetur &quot; elit nec consectetur. Proin vel felis ut &iexcl;i rutru&iexcl; se&iexcl;&cent;er. Null&quot; &quot; qu&quot;&iexcl; ut lore&iexcl; luctus conv&quot;llis. Nunc eget &cent;urus egest&quot;s, te&iexcl;&cent;or &quot;rcu nec, te&iexcl;&cent;or &quot;nte. Null&quot;&iexcl; &quot;rcu &iexcl;&quot;gn&quot;, &cent;l&quot;cer&quot;t id scelerisque eu, rhoncus &iexcl;olestie l&quot;cus. Viv&quot;&iexcl;us vul&cent;ut&quot;te orci eget v&quot;rius bl&quot;ndit. Integer non co&iexcl;&iexcl;odo libero. Quisque l&quot;oreet di&quot;&iexcl; dolor, sed &iexcl;&quot;lesu&quot;d&quot; leo co&iexcl;&iexcl;odo eget. Cl&quot;ss &quot;&cent;tent t&quot;citi sociosqu &quot;d litor&quot; torquent &cent;er conubi&quot; nostr&quot;, &cent;er ince&cent;tos hi&iexcl;en&quot;eos. Donec et i&cent;su&iexcl; leo. ', '2015-03-13 22:38:14', 11, 1),
(9, '', 'Yolo', 'Lorem ipsum dolor sit amet, consectetur adipiscing elit. Suspendisse bibendum accumsan massa sed malesuada. Quisque eu tortor et sapien condimentum condimentum. Nam nec viverra urna. Fusce ut eleifend risus, bibendum pellentesque risus. Fusce consectetur a elit nec consectetur. Proin vel felis ut mi rutrum semper. Nulla a quam ut lorem luctus convallis. Nunc eget purus egestas, tempor arcu nec, tempor ante. Nullam arcu magna, placerat id scelerisque eu, rhoncus molestie lacus. Vivamus vulputate orci eget varius blandit. Integer non commodo libero. Quisque laoreet diam dolor, sed malesuada leo commodo eget. Class aptent taciti sociosqu ad litora torquent per conubia nostra, per inceptos himenaeos. Donec et ipsum leo.', '<p>\n Initi&quot;l v&quot;lue.</p>\n', '2015-03-15 22:12:50', 11, 1),
(10, '', 'Yolo', 'Lorem ipsum dolor sit amet, consectetur adipiscing elit. Suspendisse bibendum accumsan massa sed malesuada. Quisque eu tortor et sapien condimentum condimentum. Nam nec viverra urna. Fusce ut eleifend risus, bibendum pellentesque risus. Fusce consectetur a elit nec consectetur. Proin vel felis ut mi rutrum semper. Nulla a quam ut lorem luctus convallis. Nunc eget purus egestas, tempor arcu nec, tempor ante. Nullam arcu magna, placerat id scelerisque eu, rhoncus molestie lacus. Vivamus vulputate orci eget varius blandit. Integer non commodo libero. Quisque laoreet diam dolor, sed malesuada leo commodo eget. Class aptent taciti sociosqu ad litora torquent per conubia nostra, per inceptos himenaeos. Donec et ipsum leo.', '<p>\n <strong>- Ch&#432;&#417;ng tr&#236;nh CMU l&#224; 1 ch&#432;&#417;ng tr&#236;nh h&#97;y v&#224; th&#237;ch h&#7907;&#112; cho nh&#7919;ng st&#97;rt &#112;roject n&#7871;u nh&#432; t&#97; th&#97;&#109; gi&#97; ng&#97;y t&#7915; &#273;&#7847;u, v&#7899;i c&#225;i nh&#236;n t&#7893;ng th&#7875; d&#7921; &#225;n, c&#225;c b&#234;n li&#234;n qu&#97;n, ki&#7871;n tr&#250;c, c&#244;ng ngh&#7879; v&#224; &#112;h&#7841;&#109; vi c&#7847;n gi&#7843;i quy&#7871;t c&#249;ng v&#7899;i vi&#7879;c ho&#7841;ch &#273;&#7883;nh chi&#7871;n l&#432;&#7907;c qui tr&#236;nh v&#224; c&#225;c c&#244;ng vi&#7879;c c&#7847;n x&#7917; l&#253; c&#361;ng nh&#432; gi&#225;&#109; s&#225;t ch&#7863;t ch&#7869; nh&#7857;&#109; &#273;&#7843;&#109; b&#7843;o ch&#7845;t l&#432;&#7907;ng &#273;&#7847;u r&#97; c&#7911;&#97; s&#7843;n &#112;h&#7849;&#109;. D&#249; c&#243; l&#224; 1 te&#97;&#109; le&#97;der h&#97;y l&#224; &#109;e&#109;ber, nh&#432;ng &#237;t r&#97;, t&#97; &#273;&#227; &#273;i theo d&#7921; &#225;n ng&#97;y t&#7915; &#273;&#7847;u n&#234;n t&#97; hi&#7875;u n&#243; d&#7877; d&#224;ng h&#417;n r&#7845;t nhi&#7873;u. &#272;&#226;y c&#361;ng l&#224; &#273;i&#7873;u &#109;&#224; kh&#244;ng tr&#432;&#7901;ng &#272;H n&#224;o d&#7841;y cho sinh vi&#234;n, ho&#7863;c n&#7871;u c&#243; th&#236; c&#361;ng ch&#7881; qu&#97; lo&#97;, th&#7853;&#109; ch&#237; c&#225;c sinh vi&#234;n tr&#432;&#7901;ng kh&#225;c c&#242;n kh&#244;ng qu&#97;n t&#226;&#109; qui tr&#236;nh &#109;&#224; ch&#7881; qu&#97;n t&#226;&#109; gi&#97;i &#273;o&#7841;n i&#109;&#112;le&#109;ent cho xong. &#160;</strong></p>\n<p>\n <em>- C&#225; nh&#226;n e&#109; khi &#273;i l&#224;&#109; &#273;&#7871;n th&#7903;i &#273;i&#7875;&#109; hi&#7879;n t&#7841;i th&#236; v&#7851;n &#225;&#112; d&#7909;ng nh&#7919;ng g&#236; &#109;&#236;nh &#273;&#227; h&#7885;c, &#273;&#227; &#273;&#432;&#7907;c d&#7841;y, k&#297; n&#259;ng c&#7911;&#97; e&#109; v&#7851;n ch&#7911; y&#7871;u l&#7845;y t&#7915; nh&#7919;ng vi&#7879;c e&#109; th&#7921;c h&#224;nh c&#225;c &#109;&#244;n h&#7885;c khi c&#242;n ng&#7891;i tr&#234;n gh&#7871; nh&#224; tr&#432;&#7901;ng, n&#243; l&#224;&#109; e&#109; nh&#7899; d&#97;i h&#417;n v&#224; e&#109; v&#7851;n &#112;h&#7843;i t&#7921; t&#7841;o r&#97; cho &#109;&#236;nh 1 c&#225;i &#34;working style&#34; ri&#234;ng, c&#7853;&#112; nh&#7853;t n&#243; khi c&#7847;n thi&#7871;t. Ngo&#224;i nh&#7919;ng k&#297; n&#259;ng c&#7847;n thi&#7871;t &#273;&#227; h&#7885;c trong 4 n&#259;&#109; th&#236; l&#224;&#109; vi&#7879;c l&#224;&#109; check list, ghi ti&#109;elog v&#224; ghi ch&#250; l&#7841;i nh&#7919;ng kinh nghi&#7879;&#109; &#273;&#227; l&#224;&#109; &#273;&#432;&#7907;c l&#224; 1 trong nh&#7919;ng k&#297; n&#259;ng e&#109; d&#249;ng &#109;&#7895;i ng&#224;y &#273;&#7875; tr&#225;nh cho c&#244;ng vi&#7879;c &#109;&#7845;t ki&#7875;&#109; so&#225;t v&#224; xe&#109; l&#7841;i khi c&#7847;n thi&#7871;t.</em></p>\n<p>\n <u>- Tuy ch&#432;&#97; &#273;&#432;&#7907;c ti&#7871;&#112; x&#250;c v&#7899;i c&#225;c st&#97;rt &#112;roject nhi&#7873;u, v&#236; &#112;h&#7847;n l&#7899;n e&#109; to&#224;n &#112;h&#7843;i th&#97;&#109; gi&#97; v&#224;o c&#225;c &#112;roject d&#224;i h&#7841;n &#273;&#227; &#273;i &#273;&#432;&#7907;c &#112;h&#226;n n&#7917;&#97; &#273;o&#7841;n &#273;&#432;&#7901;ng, ho&#7863;c &#112;roject &#273;&#227; b&#7883; de&#112;l&#97;y nh&#432;ng kh&#244;ng bi&#7871;t khi n&#224;o b&#7855;t &#273;&#7847;u l&#7841;i, ho&#7863;c th&#7853;&#109; ch&#237; &#112;h&#7843;i ti&#7871;&#112; c&#7853;n v&#7899;i 1 &#112;roject &#112;h&#7843;i t&#225;i kh&#7903;i &#273;&#7897;ng tr&#7903; l&#7841;i t&#7915; &#112;hi&#234;n b&#7843;n tr&#432;&#7899;c &#273;&#243;, kh&#244;ng c&#243; t&#224;i li&#7879;u r&#245; r&#224;ng, kh&#244;ng ki&#7871;n tr&#250;c, kh&#244;ng technic&#97;l le&#97;der, kh&#244;ng qui tr&#236;nh, kh&#244;ng bi&#7871;t &#97;i l&#224;&#109; nh&#7919;ng g&#236;, &#273;&#7891;ng nghi&#7879;&#112; tr&#432;&#7899;c &#273;&#243; &#273;&#227; s&#97;ng c&#244;ng ty kh&#225;c, kh&#244;ng c&#243; 1 te&#97;&#109; le&#97;der &#273;&#250;ng ngh&#297;&#97; h&#97;y 1 &#112;roject &#109;&#97;n&#97;ger th&#7921;c s&#7921;, ch&#7881; c&#243; t&#97;sk v&#224; l&#224;&#109; cho k&#7883;&#112; theo s&#7921; h&#7889;i th&#250;c c&#7911;&#97; s&#7871;&#112; c&#361;ng nh&#432; l&#224;&#109; k&#7883;&#112; t&#97;sk c&#7911;&#97; &#109;&#236;nh &#273;&#7875; tr&#225;nh vi&#7879;c &#273;&#7891;ng nghi&#7879;&#112; kh&#225;c &#112;h&#7843;i &#244;&#109; &#273;&#7891;&#109; nhi&#7873;u vi&#7879;c, trong khi b&#7843;n th&#226;n &#109;&#236;nh qu&#225; r&#7843;nh ho&#7863;c l&#224;&#109; qu&#225; ch&#7853;&#109;.</u></p>\n<p>\n <strike>- Nh&#432;ng v&#7899;i g&#236; trong su&#7889;t 4 n&#259;&#109; l&#224;&#109; tr&#432;&#7903;ng nh&#243;&#109; khi c&#242;n h&#7885;c &#272;H, e&#109; v&#7851;n &#112;h&#7843;i d&#249;ng ki&#7871;n th&#7913;c t&#7915; CMU, &#273;&#226;y l&#224; th&#7913; duy nh&#7845;t gi&#250;&#112; e&#109; hi&#7875;u r&#245; &#109;&#236;nh c&#7847;n &#112;h&#7843;i l&#224;&#109; g&#236; &#273;&#7875; ti&#7871;&#112; c&#7853;n v&#224; h&#236;nh dung d&#7921; &#225;n l&#7841;i t&#7915;ng b&#432;&#7899;c &#109;&#7897;t, d&#7921;ng l&#7841;i c&#225;c require&#109;ent c&#417; b&#7843;n, hi&#7875;u r&#245; &#112;h&#7841;&#109; vi, c&#361;ng nh&#432; ki&#7871;n tr&#250;c t&#7893;ng qu&#97;n, t&#224;i li&#7879;u ho&#225; l&#7841;i v&#224; d&#249;ng n&#243; &#273;&#7875; theo d&#245;i, l&#224;&#109; &#273;&#224; &#273;&#7875; ti&#7871;&#112; t&#7909;c &#112;h&#225;t tri&#7875;n d&#7921; &#225;n.&#160; Th&#7913; kh&#243; kh&#259;n l&#7899;n nh&#7845;t e&#109; g&#7863;&#112; &#112;h&#7843;i l&#224; v&#7845;n &#273;&#7873; v&#7873; k&#297; thu&#7853;t c&#242;n h&#7841;n ch&#7871;, ch&#432;&#97; bi&#7871;t nhi&#7873;u n&#234;n c&#244;ng vi&#7879;c &#112;h&#7847;n l&#7899;n &#112;h&#7843;i t&#7921; rese&#97;rch, t&#7921; h&#7885;c, t&#7921; th&#7921;c nghi&#7879;&#109; ch&#250;ng tr&#432;&#7899;c khi&#160; b&#7855;t &#273;&#7847;u t&#97;sk c&#7911;&#97; &#109;&#236;nh, &#273;i&#7873;u n&#224;y khi&#7871;n e&#109; &#109;&#7845;t nhi&#7873;u th&#7901;i gi&#97;n h&#417;n c&#225;c &#273;&#7891;ng nghi&#7879;&#112; kh&#225;c n&#234;n &#109;&#7913;c &#273;&#7897; &#273;&#243;ng g&#243;&#112; th&#432;&#7901;ng kh&#244;ng c&#97;o v&#224; th&#7881;nh tho&#7843;ng, khi t&#97;sk l&#224;&#109; ch&#432;&#97; xong th&#236; y&#234;u c&#7847;u l&#7841;i t&#7899;i th&#234;&#109;, y&#234;u c&#7847;u d&#249;ng c&#244;ng ngh&#7879; &#109;&#7899;i h&#417;n, l&#7841;i &#112;h&#7843;i xe&#109; x&#233;t, th&#97;y &#273;&#7893;i v&#224; c&#243; khi &#112;h&#7843;i b&#7887; &#273;i c&#7843; &#112;h&#7847;n vi&#7879;c &#109;&#236;nh &#273;&#227; l&#224;&#109; tr&#432;&#7899;c &#273;&#243; (d&#249; &#273;&#227; xong h&#97;y c&#242;n d&#97;ng d&#7903;) v&#224; b&#7855;t &#273;&#7847;u t&#97;sk &#109;&#7899;i l&#7841;i t&#7915; &#273;&#7847;u.</strike></p>\n<p>\n <strike><u><strong><em>- V&#7873; vi&#7879;c t&#7847;&#109; qu&#97;n tr&#7885;ng c&#7911;&#97; ch&#7913;ng ch&#7881; CMU, theo qu&#97;n &#273;i&#7875;&#109; c&#225; nh&#226;n e&#109; th&#236; n&#243; c&#361;ng kh&#244;ng th&#7853;t s&#7921; c&#7847;n thi&#7871;t, v&#236; th&#7913; c&#7847;n thi&#7871;t ch&#237;nh l&#224; th&#7913; e&#109; &#273;&#227; tr&#7843;i qu&#97; v&#224; &#273;&#227; l&#224;&#109; &#273;&#432;&#7907;c t&#7915; qu&#225; tr&#236;nh l&#224;&#109; c&#225;c d&#7921; &#225;n &#7903; nh&#224; tr&#432;&#7901;ng, s&#7921; x&#7917; l&#253; t&#236;nh hu&#7889;ng, c&#225;ch ti&#7871;&#112; c&#7853;n, c&#225;ch h&#7885;c v&#224; &#225;&#112; d&#7909;ng ki&#7871;n th&#7913;c CMU th&#7871; n&#224;o cho &#112;h&#249; h&#7907;&#112;. Self study, le&#97;rn by doing v&#7851;n l&#224; &#109;&#7845;u ch&#7889;t c&#7847;n &#273;&#7875; &#112;h&#225;t tri&#7875;n b&#7843;n th&#226;n, v&#7841;ch r&#97; c&#225;c &#112;h&#432;&#417;ng &#112;h&#225;&#112; &#273;&#250;ng &#273;&#7855;n c&#361;ng nh&#432; ti&#7871;&#112; c&#7853;n c&#225;c v&#7845;n &#273;&#7873; v&#224; r&#250;t kinh nghi&#7879;&#109; cho s&#97;u n&#224;y. &#160;</em></strong></u></strike></p>\n', '2015-03-16 11:35:56', 11, 1),
(11, 'blog_dom7jrJIWDNP.jpg', 'YULU', 'Lorem ipsum dolor sit amet, consectetur adipiscing elit. Suspendisse bibendum accumsan massa sed malesuada. Quisque eu tortor et sapien condimentum condimentum. Nam nec viverra urna. Fusce ut eleifend risus, bibendum pellentesque risus. Fusce consectetur a elit nec consectetur. Proin vel felis ut mi rutrum semper. Nulla a quam ut lorem luctus convallis. Nunc eget purus egestas, tempor arcu nec, tempor ante. Nullam arcu magna, placerat id scelerisque eu, rhoncus molestie lacus. Vivamus vulputate orci eget varius blandit. Integer non commodo libero. Quisque laoreet diam dolor, sed malesuada leo commodo eget. Class aptent taciti sociosqu ad litora torquent per conubia nostra, per inceptos himenaeos. Donec et ipsum leo.', '<p><strong>- Ch&#432;&#417;ng tr&#236;nh CMU l&#224; 1 ch&#432;&#417;ng tr&#236;nh hay v&#224; th&#237;ch h&#7907;p cho nh&#7919;ng start project n&#7871;u nh&#432; ta tham gia ngay t&#7915; &#273;&#7847;u, v&#7899;i c&#225;i nh&#236;n t&#7893;ng th&#7875; d&#7921; &#225;n, c&#225;c b&#234;n li&#234;n quan, ki&#7871;n tr&#250;c, c&#244;ng ngh&#7879; v&#224; ph&#7841;m vi c&#7847;n gi&#7843;i quy&#7871;t c&#249;ng v&#7899;i vi&#7879;c ho&#7841;ch &#273;&#7883;nh chi&#7871;n l&#432;&#7907;c qui tr&#236;nh v&#224; c&#225;c c&#244;ng vi&#7879;c c&#7847;n x&#7917; l&#253; c&#361;ng nh&#432; gi&#225;m s&#225;t ch&#7863;t ch&#7869; nh&#7857;m &#273;&#7843;m b&#7843;o ch&#7845;t l&#432;&#7907;ng &#273;&#7847;u ra c&#7911;a s&#7843;n ph&#7849;m. D&#249; c&#243; l&#224; 1 team leader hay l&#224; member, nh&#432;ng &#237;t ra, ta &#273;&#227; &#273;i theo d&#7921; &#225;n ngay t&#7915; &#273;&#7847;u n&#234;n ta hi&#7875;u n&#243; d&#7877; d&#224;ng h&#417;n r&#7845;t nhi&#7873;u. &#272;&#226;y c&#361;ng l&#224; &#273;i&#7873;u m&#224; kh&#244;ng tr&#432;&#7901;ng &#272;H n&#224;o d&#7841;y cho sinh vi&#234;n, ho&#7863;c n&#7871;u c&#243; th&#236; c&#361;ng ch&#7881; qua loa, th&#7853;m ch&#237; c&#225;c sinh vi&#234;n tr&#432;&#7901;ng kh&#225;c c&#242;n kh&#244;ng quan t&#226;m qui tr&#236;nh m&#224; ch&#7881; quan t&#226;m giai &#273;o&#7841;n implement cho xong. &#160;</strong></p>\n\n<p><em>- C&#225; nh&#226;n em khi &#273;i l&#224;m &#273;&#7871;n th&#7903;i &#273;i&#7875;m hi&#7879;n t&#7841;i th&#236; v&#7851;n &#225;p d&#7909;ng nh&#7919;ng g&#236; m&#236;nh &#273;&#227; h&#7885;c, &#273;&#227; &#273;&#432;&#7907;c d&#7841;y, k&#297; n&#259;ng c&#7911;a em v&#7851;n ch&#7911; y&#7871;u l&#7845;y t&#7915; nh&#7919;ng vi&#7879;c em th&#7921;c h&#224;nh c&#225;c m&#244;n h&#7885;c khi c&#242;n ng&#7891;i tr&#234;n gh&#7871; nh&#224; tr&#432;&#7901;ng, n&#243; l&#224;m em nh&#7899; dai h&#417;n v&#224; em v&#7851;n ph&#7843;i t&#7921; t&#7841;o ra cho m&#236;nh 1 c&#225;i "working style" ri&#234;ng, c&#7853;p nh&#7853;t n&#243; khi c&#7847;n thi&#7871;t. Ngo&#224;i nh&#7919;ng k&#297; n&#259;ng c&#7847;n thi&#7871;t &#273;&#227; h&#7885;c trong 4 n&#259;m th&#236; l&#224;m vi&#7879;c l&#224;m check list, ghi timelog v&#224; ghi ch&#250; l&#7841;i nh&#7919;ng kinh nghi&#7879;m &#273;&#227; l&#224;m &#273;&#432;&#7907;c l&#224; 1 trong nh&#7919;ng k&#297; n&#259;ng em d&#249;ng m&#7895;i ng&#224;y &#273;&#7875; tr&#225;nh cho c&#244;ng vi&#7879;c m&#7845;t ki&#7875;m so&#225;t v&#224; xem l&#7841;i khi c&#7847;n thi&#7871;t.</em></p>\n\n<p><u>- Tuy ch&#432;a &#273;&#432;&#7907;c ti&#7871;p x&#250;c v&#7899;i c&#225;c start project nhi&#7873;u, v&#236; ph&#7847;n l&#7899;n em to&#224;n ph&#7843;i tham gia v&#224;o c&#225;c project d&#224;i h&#7841;n &#273;&#227; &#273;i &#273;&#432;&#7907;c ph&#226;n n&#7917;a &#273;o&#7841;n &#273;&#432;&#7901;ng, ho&#7863;c project &#273;&#227; b&#7883; deplay nh&#432;ng kh&#244;ng bi&#7871;t khi n&#224;o b&#7855;t &#273;&#7847;u l&#7841;i, ho&#7863;c th&#7853;m ch&#237; ph&#7843;i ti&#7871;p c&#7853;n v&#7899;i 1 project ph&#7843;i t&#225;i kh&#7903;i &#273;&#7897;ng tr&#7903; l&#7841;i t&#7915; phi&#234;n b&#7843;n tr&#432;&#7899;c &#273;&#243;, kh&#244;ng c&#243; t&#224;i li&#7879;u r&#245; r&#224;ng, kh&#244;ng ki&#7871;n tr&#250;c, kh&#244;ng technical leader, kh&#244;ng qui tr&#236;nh, kh&#244;ng bi&#7871;t ai l&#224;m nh&#7919;ng g&#236;, &#273;&#7891;ng nghi&#7879;p tr&#432;&#7899;c &#273;&#243; &#273;&#227; sang c&#244;ng ty kh&#225;c, kh&#244;ng c&#243; 1 team leader &#273;&#250;ng ngh&#297;a hay 1 project manager th&#7921;c s&#7921;, ch&#7881; c&#243; task v&#224; l&#224;m cho k&#7883;p theo s&#7921; h&#7889;i th&#250;c c&#7911;a s&#7871;p c&#361;ng nh&#432; l&#224;m k&#7883;p task c&#7911;a m&#236;nh &#273;&#7875; tr&#225;nh vi&#7879;c &#273;&#7891;ng nghi&#7879;p kh&#225;c ph&#7843;i &#244;m &#273;&#7891;m nhi&#7873;u vi&#7879;c, trong khi b&#7843;n th&#226;n m&#236;nh qu&#225; r&#7843;nh ho&#7863;c l&#224;m qu&#225; ch&#7853;m.</u></p>\n\n<p><s>- Nh&#432;ng v&#7899;i g&#236; trong su&#7889;t 4 n&#259;m l&#224;m tr&#432;&#7903;ng nh&#243;m khi c&#242;n h&#7885;c &#272;H, em v&#7851;n ph&#7843;i d&#249;ng ki&#7871;n th&#7913;c t&#7915; CMU, &#273;&#226;y l&#224; th&#7913; duy nh&#7845;t gi&#250;p em hi&#7875;u r&#245; m&#236;nh c&#7847;n ph&#7843;i l&#224;m g&#236; &#273;&#7875; ti&#7871;p c&#7853;n v&#224; h&#236;nh dung d&#7921; &#225;n l&#7841;i t&#7915;ng b&#432;&#7899;c m&#7897;t, d&#7921;ng l&#7841;i c&#225;c requirement c&#417; b&#7843;n, hi&#7875;u r&#245; ph&#7841;m vi, c&#361;ng nh&#432; ki&#7871;n tr&#250;c t&#7893;ng quan, t&#224;i li&#7879;u ho&#225; l&#7841;i v&#224; d&#249;ng n&#243; &#273;&#7875; theo d&#245;i, l&#224;m &#273;&#224; &#273;&#7875; ti&#7871;p t&#7909;c ph&#225;t tri&#7875;n d&#7921; &#225;n.&#160; Th&#7913; kh&#243; kh&#259;n l&#7899;n nh&#7845;t em g&#7863;p ph&#7843;i l&#224; v&#7845;n &#273;&#7873; v&#7873; k&#297; thu&#7853;t c&#242;n h&#7841;n ch&#7871;, ch&#432;a bi&#7871;t nhi&#7873;u n&#234;n c&#244;ng vi&#7879;c ph&#7847;n l&#7899;n ph&#7843;i t&#7921; research, t&#7921; h&#7885;c, t&#7921; th&#7921;c nghi&#7879;m ch&#250;ng tr&#432;&#7899;c khi&#160; b&#7855;t &#273;&#7847;u task c&#7911;a m&#236;nh, &#273;i&#7873;u n&#224;y khi&#7871;n em m&#7845;t nhi&#7873;u th&#7901;i gian h&#417;n c&#225;c &#273;&#7891;ng nghi&#7879;p kh&#225;c n&#234;n m&#7913;c &#273;&#7897; &#273;&#243;ng g&#243;p th&#432;&#7901;ng kh&#244;ng cao v&#224; th&#7881;nh tho&#7843;ng, khi task l&#224;m ch&#432;a xong th&#236; y&#234;u c&#7847;u l&#7841;i t&#7899;i th&#234;m, y&#234;u c&#7847;u d&#249;ng c&#244;ng ngh&#7879; m&#7899;i h&#417;n, l&#7841;i ph&#7843;i xem x&#233;t, thay &#273;&#7893;i v&#224; c&#243; khi ph&#7843;i b&#7887; &#273;i c&#7843; ph&#7847;n vi&#7879;c m&#236;nh &#273;&#227; l&#224;m tr&#432;&#7899;c &#273;&#243; (d&#249; &#273;&#227; xong hay c&#242;n dang d&#7903;) v&#224; b&#7855;t &#273;&#7847;u task m&#7899;i l&#7841;i t&#7915; &#273;&#7847;u.</s></p>\n\n<p><s><u><em><strong>- V&#7873; vi&#7879;c t&#7847;m quan tr&#7885;ng c&#7911;a ch&#7913;ng ch&#7881; CMU, theo quan &#273;i&#7875;m c&#225; nh&#226;n em th&#236; n&#243; c&#361;ng kh&#244;ng th&#7853;t s&#7921; c&#7847;n thi&#7871;t, v&#236; th&#7913; c&#7847;n thi&#7871;t ch&#237;nh l&#224; th&#7913; em &#273;&#227; tr&#7843;i qua v&#224; &#273;&#227; l&#224;m &#273;&#432;&#7907;c t&#7915; qu&#225; tr&#236;nh l&#224;m c&#225;c d&#7921; &#225;n &#7903; nh&#224; tr&#432;&#7901;ng, s&#7921; x&#7917; l&#253; t&#236;nh hu&#7889;ng, c&#225;ch ti&#7871;p c&#7853;n, c&#225;ch h&#7885;c v&#224; &#225;p d&#7909;ng ki&#7871;n th&#7913;c CMU th&#7871; n&#224;o cho ph&#249; h&#7907;p. Self study, learn by doing v&#7851;n l&#224; m&#7845;u ch&#7889;t c&#7847;n &#273;&#7875; ph&#225;t tri&#7875;n b&#7843;n th&#226;n, v&#7841;ch ra c&#225;c ph&#432;&#417;ng ph&#225;p &#273;&#250;ng &#273;&#7855;n c&#361;ng nh&#432; ti&#7871;p c&#7853;n c&#225;c v&#7845;n &#273;&#7873; v&#224; r&#250;t kinh nghi&#7879;m cho sau n&#224;y.&#160;&#160;</strong></em></u></s></p>\n', '2015-03-28 00:08:57', 11, 1),
(12, '', 'Initial value', 'Lorem ipsum dolor sit amet, consectetur adipiscing elit. Donec in varius arcu. Proin in lorem accumsan, venenatis velit eu, fermentum elit. Pellentesque ac sodales erat. Integer maximus luctus placerat. Morbi non orci ut sem cursus viverra quis eu mauris. Donec et nunc sit amet neque pellentesque luctus sed at metus. Morbi at orci ut erat pretium vestibulum. Etiam eu pharetra lectus. Duis nec vehicula ligula, vel fringilla quam. In gravida, velit vitae hendrerit consectetur, sem eros hendrer', '<p><strong>&#160;Lorem ipsum dolor sit amet, consectetur adipiscing elit. Donec in varius arcu. Proin in lorem accumsan, venenatis velit eu, fermentum elit. Pellentesque ac sodales erat. Integer maximus luctus placerat. Morbi non orci ut sem cursus viverra quis eu mauris. Donec et nunc sit amet neque pellentesque luctus sed at metus. Morbi at orci ut erat pretium vestibulum. Etiam eu pharetra lectus. Duis nec vehicula ligula, vel fringilla quam. In gravida, velit vitae hendrerit consectetur, sem eros hendrerit enim, ac volutpat eros orci quis metus. Pellentesque pellentesque, magna quis aliquam gravida, ipsum nisi laoreet nunc, nec pretium orci elit id ante.</strong></p>\n\n<p><strong><img alt="" height="186" src="/quangnguyen/userfiles/other/images/dan.jpg" width="300" /></strong></p>\n\n<p><em>Donec interdum porta arcu et congue. Donec pellentesque accumsan erat ut fringilla. Sed volutpat fermentum risus, in auctor augue fermentum quis. Donec vulputate diam ipsum, eu viverra mauris facilisis eu. Sed vitae mi vehicula mi semper hendrerit nec in augue. Vivamus a tincidunt urna. Pellentesque luctus massa sapien, et euismod est tristique et. Fusce ac nibh eros. Morbi laoreet est vitae molestie congue.</em></p>\n\n<table>\n <tbody>\n  <tr>\n   <th>\n   <p>"Neque porro quisquam est qui dolorem ipsum quia dolor sit amet, consectetur, adipisci velit..."</p>\n\n   <p>"There is no one who loves pain itself, who seeks after it and wants to have it, simply because it is pain..."</p>\n   </th>\n   <th>\n   <p>"Neque porro quisquam est qui dolorem ipsum quia dolor sit amet, consectetur, adipisci velit..."</p>\n\n   <p>"There is no one who loves pain itself, who seeks after it and wants to have it, simply because it is pain..."</p>\n   </th>\n  </tr>\n  <tr>\n   <th>uj\n   <p>"Neque porro quisquam est qui dolorem ipsum quia dolor sit amet, consectetur, adipisci velit..."</p>\n\n   <p>Nguy&#7877;n Ph&#250; Quang</p>\n   </th>\n  </tr>\n </tbody>\n</table>\n\n<p><ins>Vestibulum ante ipsum primis in faucibus orci luctus et ultrices posuere cubilia Curae; Curabitur molestie enim eros, aliquam hendrerit mi fringilla et. Nulla semper scelerisque nibh eu feugiat. Mauris sit amet rutrum ante, quis vulputate eros. Quisque pulvinar pulvinar nibh et efficitur. Cras erat augue, rhoncus vitae accumsan sed, scelerisque non dui. Proin mollis ipsum justo, non pharetra enim lacinia at. Fusce feugiat mi eu tortor varius, tempor semper risus placerat. Ut imperdiet neque sit amet orci placerat tempor. Curabitur pharetra eget ante nec pretium. Praesent vitae lacus nunc. Suspendisse et nibh ullamcorper, faucibus magna nec, fringilla sapien. Proin varius neque vitae arcu facilisis, a ullamcorper velit gravida.</ins></p>\n\n<p><del>Integer neque ante, congue tempus tortor quis, cursus egestas sem. Vestibulum ipsum purus, pulvinar dapibus leo sed, pretium commodo justo. Etiam sit amet mattis justo. Cras sit amet ligula bibendum, euismod ligula sit amet, varius erat. Nunc consequat eros et arcu scelerisque vulputate. Curabitur et enim quis velit tincidunt ullamcorper gravida quis leo. Interdum et malesuada fames ac ante ipsum primis in faucibus. Nulla fringilla dui sed dignissim aliquam. Sed porttitor pellentesque risus, eu commodo leo sodales vel. In turpis dui, cursus sit amet sem non, congue tincidunt dui. Aliquam nec metus vitae ante facilisis rhoncus.</del></p>\n\n<p><span class="marker">Nam nec leo molestie, vulputate nisi id, pellentesque sem. Donec eget efficitur quam, non maximus mauris. Praesent ipsum ex, ultrices quis libero ac, interdum viverra tortor. Donec pulvinar ultricies gravida. Suspendisse vitae nisl suscipit, ullamcorper tellus non, efficitur ligula. Nulla facilisi. In ultrices lacinia mi in fermentum. Integer luctus nibh vitae neque faucibus euismod fringilla sed ipsum. Aliquam a volutpat lacus, et sodales urna. Donec a nisi ac libero tincidunt sodales vitae condimentum ipsum. Pellentesque iaculis nibh sit amet magna vestibulum mollis. Maecenas elementum ultrices metus, a tincidunt sem commodo id.&#160;</span></p>\n', '2015-03-28 00:08:56', 5, 1);

-- --------------------------------------------------------

--
-- Table structure for table `category`
--

CREATE TABLE IF NOT EXISTS `category` (
`category_id` int(11) NOT NULL,
  `category_title` varchar(256) COLLATE utf8_unicode_ci NOT NULL,
  `category_type` varchar(256) COLLATE utf8_unicode_ci NOT NULL,
  `category_description` text COLLATE utf8_unicode_ci NOT NULL,
  `category_status` tinyint(1) NOT NULL
) ENGINE=InnoDB AUTO_INCREMENT=12 DEFAULT CHARSET=utf8 COLLATE=utf8_unicode_ci;

--
-- Dumping data for table `category`
--

INSERT INTO `category` (`category_id`, `category_title`, `category_type`, `category_description`, `category_status`) VALUES
(1, 'Myself', 'p', 'A Category for All of the project which is developed by myself', 1),
(2, 'With Friend', 'p', 'Some project I work with my firends', 1),
(3, 'Company', 'p', 'Some projects I joined at my companies', 1),
(4, 'Career path', 'b', 'Somethings I want to share about my career path', 1),
(5, 'I and IT', 'b', 'Some blogs I will share about my passion about IT', 1),
(6, 'University', 'p', 'Me & Projects from my University as a team work', 1),
(11, 'My dream', 'b', 'Somethings about my dream to become an IT master', 1);

-- --------------------------------------------------------

--
-- Table structure for table `ci_sessions`
--

CREATE TABLE IF NOT EXISTS `ci_sessions` (
  `session_id` varchar(40) COLLATE utf8_bin NOT NULL DEFAULT '0',
  `ip_address` varchar(16) COLLATE utf8_bin NOT NULL DEFAULT '0',
  `user_agent` varchar(150) COLLATE utf8_bin NOT NULL,
  `last_activity` int(10) unsigned NOT NULL DEFAULT '0',
  `user_data` text COLLATE utf8_bin NOT NULL
) ENGINE=InnoDB DEFAULT CHARSET=utf8 COLLATE=utf8_bin;

--
-- Dumping data for table `ci_sessions`
--

INSERT INTO `ci_sessions` (`session_id`, `ip_address`, `user_agent`, `last_activity`, `user_data`) VALUES
('10751f8f3116ca15783b47c6d77a318b', '::1', 'Mozilla/5.0 (Windows NT 6.3; WOW64; rv:36.0) Gecko/20100101 Firefox/36.0', 1427476144, ''),
('4e6f40d657d53d7687ecc59da580e2eb', '::1', 'Mozilla/5.0 (Windows NT 6.3; WOW64) AppleWebKit/537.36 (KHTML, like Gecko) Chrome/41.0.2272.89 Safari/537.36 OPR/28.0.17', 1427476819, ''),
('7c860f19d1981f8c2087b9a8ec1ebe9d', '::1', 'Mozilla/5.0 (Windows NT 6.3; WOW64) AppleWebKit/537.36 (KHTML, like Gecko) Chrome/41.0.2272.101 Safari/537.36', 1427476107, '');

-- --------------------------------------------------------

--
-- Table structure for table `login_attempts`
--

CREATE TABLE IF NOT EXISTS `login_attempts` (
`id` int(11) NOT NULL,
  `ip_address` varchar(40) COLLATE utf8_bin NOT NULL,
  `login` varchar(50) COLLATE utf8_bin NOT NULL,
  `time` timestamp NOT NULL DEFAULT CURRENT_TIMESTAMP ON UPDATE CURRENT_TIMESTAMP
) ENGINE=InnoDB DEFAULT CHARSET=utf8 COLLATE=utf8_bin;

-- --------------------------------------------------------

--
-- Table structure for table `project_brief`
--

CREATE TABLE IF NOT EXISTS `project_brief` (
`id` int(11) NOT NULL,
  `title` varchar(256) COLLATE utf8_unicode_ci NOT NULL,
  `brief` text COLLATE utf8_unicode_ci NOT NULL,
  `description` text COLLATE utf8_unicode_ci NOT NULL,
  `date` datetime NOT NULL,
  `category_id` int(11) NOT NULL,
  `avatar_name` varchar(255) COLLATE utf8_unicode_ci DEFAULT NULL,
  `status` tinyint(1) NOT NULL
) ENGINE=InnoDB AUTO_INCREMENT=15 DEFAULT CHARSET=utf8 COLLATE=utf8_unicode_ci;

--
-- Dumping data for table `project_brief`
--

INSERT INTO `project_brief` (`id`, `title`, `brief`, `description`, `date`, `category_id`, `avatar_name`, `status`) VALUES
(1, 'Ty', 'Lorem ipsum dolor sit amet, consectetur adipiscing elit. Suspendisse bibendum accumsan massa sed malesuada. Quisque eu tortor et sapien condimentum condimentum. Nam nec viverra urna. Fusce ut eleifend risus, bibendum pellentesque risus. Fusce consectetur a elit nec consectetur. Proin vel felis ut mi rutrum semper. Nulla a quam ut lorem luctus convallis. Nunc eget purus egestas, tempor arcu nec, tempor ante. Nullam arcu magna, placerat id scelerisque eu, rhoncus molestie lacus. Vivamus vulputate orci eget varius blandit. Integer non commodo libero. Quisque laoreet diam dolor, sed malesuada leo commodo eget. Class aptent taciti sociosqu ad litora torquent per conubia nostra, per inceptos himenaeos. Donec et ipsum leo.', '<p><span >Lorem ipsum dolor sit amet, consectetur adipiscing elit. Suspendisse bibendum accumsan massa sed malesuada. Quisque eu tortor et sapien condimentum condimentum. Nam nec viverra urna. Fusce ut eleifend risus, bibendum pellentesque risus. Fusce consectetur a elit nec consectetur. Proin vel felis ut mi rutrum semper. Nulla a quam ut lorem luctus convallis. Nunc eget purus egestas, tempor arcu nec, tempor ante. Nullam arcu magna, placerat id scelerisque eu, rhoncus molestie lacus. Vivamus vulputate orci eget varius blandit. Integer non commodo libero. Quisque laoreet diam dolor, sed malesuada leo commodo eget. Class aptent taciti sociosqu ad litora torquent per conubia nostra, per inceptos himenaeos. Donec et ipsum leo.</span></p>\n', '2015-03-07 21:20:43', 6, 'project_75j17kjKz2Qv.jpg', 1),
(2, 'Suu', 'Lorem ipsum dolor sit amet, consectetur adipiscing elit. Suspendisse bibendum accumsan massa sed malesuada. Quisque eu tortor et sapien condimentum condimentum. Nam nec viverra urna. Fusce ut eleifend risus, bibendum pellentesque risus. Fusce consectetur a elit nec consectetur. Proin vel felis ut mi rutrum semper. Nulla a quam ut lorem luctus convallis. Nunc eget purus egestas, tempor arcu nec, tempor ante. Nullam arcu magna, placerat id scelerisque eu, rhoncus molestie lacus. Vivamus vulputate orci eget varius blandit. Integer non commodo libero. Quisque laoreet diam dolor, sed malesuada leo commodo eget. Class aptent taciti sociosqu ad litora torquent per conubia nostra, per inceptos himenaeos. Donec et ipsum leo.', '<p><span>Lorem ipsum dolor sit amet, consectetur adipiscing elit. Suspendisse bibendum accumsan massa sed malesuada. Quisque eu tortor et sapien condimentum condimentum. Nam nec viverra urna. Fusce ut eleifend risus, bibendum pellentesque risus. Fusce consectetur a elit nec consectetur. Proin vel felis ut mi rutrum semper. Nulla a quam ut lorem luctus convallis. Nunc eget purus egestas, tempor arcu nec, tempor ante. Nullam arcu magna, placerat id scelerisque eu, rhoncus molestie lacus. Vivamus vulputate orci eget varius blandit. Integer non commodo libero. Quisque laoreet diam dolor, sed malesuada leo commodo eget. Class aptent taciti sociosqu ad litora torquent per conubia nostra, per inceptos himenaeos. Donec et ipsum leo.</span></p>\n', '2015-03-07 21:22:27', 3, 'project_A8JLNv3O271H.jpg', 1),
(3, 'Dan', 'Lorem ipsum dolor sit amet, consectetur adipiscing elit. Suspendisse bibendum accumsan massa sed malesuada. Quisque eu tortor et sapien condimentum condimentum. Nam nec viverra urna. Fusce ut eleifend risus, bibendum pellentesque risus. Fusce consectetur a elit nec consectetur. Proin vel felis ut mi rutrum semper. Nulla a quam ut lorem luctus convallis. Nunc eget purus egestas, tempor arcu nec, tempor ante. Nullam arcu magna, placerat id scelerisque eu, rhoncus molestie lacus. Vivamus vulputate orci eget varius blandit. Integer non commodo libero. Quisque laoreet diam dolor, sed malesuada leo commodo eget. Class aptent taciti sociosqu ad litora torquent per conubia nostra, per inceptos himenaeos. Donec et ipsum leo.', '<p><span >Lorem ipsum dolor sit amet, consectetur adipiscing elit. Suspendisse bibendum accumsan massa sed malesuada. Quisque eu tortor et sapien condimentum condimentum. Nam nec viverra urna. Fusce ut eleifend risus, bibendum pellentesque risus. Fusce consectetur a elit nec consectetur. Proin vel felis ut mi rutrum semper. Nulla a quam ut lorem luctus convallis. Nunc eget purus egestas, tempor arcu nec, tempor ante. Nullam arcu magna, placerat id scelerisque eu, rhoncus molestie lacus. Vivamus vulputate orci eget varius blandit. Integer non commodo libero. Quisque laoreet diam dolor, sed malesuada leo commodo eget. Class aptent taciti sociosqu ad litora torquent per conubia nostra, per inceptos himenaeos. Donec et ipsum leo.</span></p>\n', '2015-03-07 21:25:41', 6, 'project_xvr9v8lcufkX.jpg', 1),
(4, 'Meo', 'Lorem ipsum dolor sit amet, consectetur adipiscing elit. Suspendisse bibendum accumsan massa sed malesuada. Quisque eu tortor et sapien condimentum condimentum. Nam nec viverra urna. Fusce ut eleifend risus, bibendum pellentesque risus. Fusce consectetur a elit nec consectetur. Proin vel felis ut mi rutrum semper. Nulla a quam ut lorem luctus convallis. Nunc eget purus egestas, tempor arcu nec, tempor ante. Nullam arcu magna, placerat id scelerisque eu, rhoncus molestie lacus. Vivamus vulputate orci eget varius blandit. Integer non commodo libero. Quisque laoreet diam dolor, sed malesuada leo commodo eget. Class aptent taciti sociosqu ad litora torquent per conubia nostra, per inceptos himenaeos. Donec et ipsum leo.', '<p><span >Lorem ipsum dolor sit amet, consectetur adipiscing elit. Suspendisse bibendum accumsan massa sed malesuada. Quisque eu tortor et sapien condimentum condimentum. Nam nec viverra urna. Fusce ut eleifend risus, bibendum pellentesque risus. Fusce consectetur a elit nec consectetur. Proin vel felis ut mi rutrum semper. Nulla a quam ut lorem luctus convallis. Nunc eget purus egestas, tempor arcu nec, tempor ante. Nullam arcu magna, placerat id scelerisque eu, rhoncus molestie lacus. Vivamus vulputate orci eget varius blandit. Integer non commodo libero. Quisque laoreet diam dolor, sed malesuada leo commodo eget. Class aptent taciti sociosqu ad litora torquent per conubia nostra, per inceptos himenaeos. Donec et ipsum leo.</span></p>', '2015-03-07 21:26:18', 2, 'project_EtwjsdCvlWW8.jpg', 1),
(5, 'Thin', 'Lorem ipsum dolor sit amet, consectetur adipiscing elit. Suspendisse bibendum accumsan massa sed malesuada. Quisque eu tortor et sapien condimentum condimentum. Nam nec viverra urna. Fusce ut eleifend risus, bibendum pellentesque risus. Fusce consectetur a elit nec consectetur. Proin vel felis ut mi rutrum semper. Nulla a quam ut lorem luctus convallis. Nunc eget purus egestas, tempor arcu nec, tempor ante. Nullam arcu magna, placerat id scelerisque eu, rhoncus molestie lacus. Vivamus vulputate orci eget varius blandit. Integer non commodo libero. Quisque laoreet diam dolor, sed malesuada leo commodo eget. Class aptent taciti sociosqu ad litora torquent per conubia nostra, per inceptos himenaeos. Donec et ipsum leo.', '<p><span >Lorem ipsum dolor sit amet, consectetur adipiscing elit. Suspendisse bibendum accumsan massa sed malesuada. Quisque eu tortor et sapien condimentum condimentum. Nam nec viverra urna. Fusce ut eleifend risus, bibendum pellentesque risus. Fusce consectetur a elit nec consectetur. Proin vel felis ut mi rutrum semper. Nulla a quam ut lorem luctus convallis. Nunc eget purus egestas, tempor arcu nec, tempor ante. Nullam arcu magna, placerat id scelerisque eu, rhoncus molestie lacus. Vivamus vulputate orci eget varius blandit. Integer non commodo libero. Quisque laoreet diam dolor, sed malesuada leo commodo eget. Class aptent taciti sociosqu ad litora torquent per conubia nostra, per inceptos himenaeos. Donec et ipsum leo.</span></p>', '2015-03-07 21:26:39', 1, 'project_DpHJcSJL8Mbj.jpg', 1),
(6, 'Ty', 'Lorem ipsum dolor sit amet, consectetur adipiscing elit. Suspendisse bibendum accumsan massa sed malesuada. Quisque eu tortor et sapien condimentum condimentum. Nam nec viverra urna. Fusce ut eleifend risus, bibendum pellentesque risus. Fusce consectetur a elit nec consectetur. Proin vel felis ut mi rutrum semper. Nulla a quam ut lorem luctus convallis. Nunc eget purus egestas, tempor arcu nec, tempor ante. Nullam arcu magna, placerat id scelerisque eu, rhoncus molestie lacus. Vivamus vulputate orci eget varius blandit. Integer non commodo libero. Quisque laoreet diam dolor, sed malesuada leo commodo eget. Class aptent taciti sociosqu ad litora torquent per conubia nostra, per inceptos himenaeos. Donec et ipsum leo.', '<p><span >Lorem ipsum dolor sit amet, consectetur adipiscing elit. Suspendisse bibendum accumsan massa sed malesuada. Quisque eu tortor et sapien condimentum condimentum. Nam nec viverra urna. Fusce ut eleifend risus, bibendum pellentesque risus. Fusce consectetur a elit nec consectetur. Proin vel felis ut mi rutrum semper. Nulla a quam ut lorem luctus convallis. Nunc eget purus egestas, tempor arcu nec, tempor ante. Nullam arcu magna, placerat id scelerisque eu, rhoncus molestie lacus. Vivamus vulputate orci eget varius blandit. Integer non commodo libero. Quisque laoreet diam dolor, sed malesuada leo commodo eget. Class aptent taciti sociosqu ad litora torquent per conubia nostra, per inceptos himenaeos. Donec et ipsum leo.</span></p>', '2015-03-07 21:27:26', 3, 'project_iixzBoGKYqib.jpg', 1),
(7, 'Ngo', 'Lorem ipsum dolor sit amet, consectetur adipiscing elit. Suspendisse bibendum accumsan massa sed malesuada. Quisque eu tortor et sapien condimentum condimentum. Nam nec viverra urna. Fusce ut eleifend risus, bibendum pellentesque risus. Fusce consectetur a elit nec consectetur. Proin vel felis ut mi rutrum semper. Nulla a quam ut lorem luctus convallis. Nunc eget purus egestas, tempor arcu nec, tempor ante. Nullam arcu magna, placerat id scelerisque eu, rhoncus molestie lacus. Vivamus vulputate orci eget varius blandit. Integer non commodo libero. Quisque laoreet diam dolor, sed malesuada leo commodo eget. Class aptent taciti sociosqu ad litora torquent per conubia nostra, per inceptos himenaeos. Donec et ipsum leo.', '<p><span>Lorem ipsum dolor sit amet, consectetur adipiscing elit. Suspendisse bibendum accumsan massa sed malesuada. Quisque eu tortor et sapien condimentum condimentum. Nam nec viverra urna. Fusce ut eleifend risus, bibendum pellentesque risus. Fusce consectetur a elit nec consectetur. Proin vel felis ut mi rutrum semper. Nulla a quam ut lorem luctus convallis. Nunc eget purus egestas, tempor arcu nec, tempor ante. Nullam arcu magna, placerat id scelerisque eu, rhoncus molestie lacus. Vivamus vulputate orci eget varius blandit. Integer non commodo libero. Quisque laoreet diam dolor, sed malesuada leo commodo eget. Class aptent taciti sociosqu ad litora torquent per conubia nostra, per inceptos himenaeos. Donec et ipsum leo.</span></p>\n', '2015-03-07 21:31:04', 1, 'project_AqpmGSmG7Yzp.jpg', 1),
(8, 'Mui', 'Lorem ipsum dolor sit amet, consectetur adipiscing elit. Suspendisse bibendum accumsan massa sed malesuada. Quisque eu tortor et sapien condimentum condimentum. Nam nec viverra urna. Fusce ut eleifend risus, bibendum pellentesque risus. Fusce consectetur a elit nec consectetur. Proin vel felis ut mi rutrum semper. Nulla a quam ut lorem luctus convallis. Nunc eget purus egestas, tempor arcu nec, tempor ante. Nullam arcu magna, placerat id scelerisque eu, rhoncus molestie lacus. Vivamus vulputate orci eget varius blandit. Integer non commodo libero. Quisque laoreet diam dolor, sed malesuada leo commodo eget. Class aptent taciti sociosqu ad litora torquent per conubia nostra, per inceptos himenaeos. Donec et ipsum leo.', '<p><span >Lorem ipsum dolor sit amet, consectetur adipiscing elit. Suspendisse bibendum accumsan massa sed malesuada. Quisque eu tortor et sapien condimentum condimentum. Nam nec viverra urna. Fusce ut eleifend risus, bibendum pellentesque risus. Fusce consectetur a elit nec consectetur. Proin vel felis ut mi rutrum semper. Nulla a quam ut lorem luctus convallis. Nunc eget purus egestas, tempor arcu nec, tempor ante. Nullam arcu magna, placerat id scelerisque eu, rhoncus molestie lacus. Vivamus vulputate orci eget varius blandit. Integer non commodo libero. Quisque laoreet diam dolor, sed malesuada leo commodo eget. Class aptent taciti sociosqu ad litora torquent per conubia nostra, per inceptos himenaeos. Donec et ipsum leo.</span></p>', '2015-03-07 21:28:07', 2, 'project_eBDK7EaX4BPM.jpg', 1),
(9, 'Than', 'Lorem ipsum dolor sit amet, consectetur adipiscing elit. Suspendisse bibendum accumsan massa sed malesuada. Quisque eu tortor et sapien condimentum condimentum. Nam nec viverra urna. Fusce ut eleifend risus, bibendum pellentesque risus. Fusce consectetur a elit nec consectetur. Proin vel felis ut mi rutrum semper. Nulla a quam ut lorem luctus convallis. Nunc eget purus egestas, tempor arcu nec, tempor ante. Nullam arcu magna, placerat id scelerisque eu, rhoncus molestie lacus. Vivamus vulputate orci eget varius blandit. Integer non commodo libero. Quisque laoreet diam dolor, sed malesuada leo commodo eget. Class aptent taciti sociosqu ad litora torquent per conubia nostra, per inceptos himenaeos. Donec et ipsum leo.', '<p><span >Lorem ipsum dolor sit amet, consectetur adipiscing elit. Suspendisse bibendum accumsan massa sed malesuada. Quisque eu tortor et sapien condimentum condimentum. Nam nec viverra urna. Fusce ut eleifend risus, bibendum pellentesque risus. Fusce consectetur a elit nec consectetur. Proin vel felis ut mi rutrum semper. Nulla a quam ut lorem luctus convallis. Nunc eget purus egestas, tempor arcu nec, tempor ante. Nullam arcu magna, placerat id scelerisque eu, rhoncus molestie lacus. Vivamus vulputate orci eget varius blandit. Integer non commodo libero. Quisque laoreet diam dolor, sed malesuada leo commodo eget. Class aptent taciti sociosqu ad litora torquent per conubia nostra, per inceptos himenaeos. Donec et ipsum leo.</span></p>', '2015-03-07 21:28:34', 1, 'project_JeTREZVpri8W.jpg', 1),
(10, 'Dau', 'Lorem ipsum dolor sit amet, consectetur adipiscing elit. Suspendisse bibendum accumsan massa sed malesuada. Quisque eu tortor et sapien condimentum condimentum. Nam nec viverra urna. Fusce ut eleifend risus, bibendum pellentesque risus. Fusce consectetur a elit nec consectetur. Proin vel felis ut mi rutrum semper. Nulla a quam ut lorem luctus convallis. Nunc eget purus egestas, tempor arcu nec, tempor ante. Nullam arcu magna, placerat id scelerisque eu, rhoncus molestie lacus. Vivamus vulputate orci eget varius blandit. Integer non commodo libero. Quisque laoreet diam dolor, sed malesuada leo commodo eget. Class aptent taciti sociosqu ad litora torquent per conubia nostra, per inceptos himenaeos. Donec et ipsum leo.', '<p><span >Lorem ipsum dolor sit amet, consectetur adipiscing elit. Suspendisse bibendum accumsan massa sed malesuada. Quisque eu tortor et sapien condimentum condimentum. Nam nec viverra urna. Fusce ut eleifend risus, bibendum pellentesque risus. Fusce consectetur a elit nec consectetur. Proin vel felis ut mi rutrum semper. Nulla a quam ut lorem luctus convallis. Nunc eget purus egestas, tempor arcu nec, tempor ante. Nullam arcu magna, placerat id scelerisque eu, rhoncus molestie lacus. Vivamus vulputate orci eget varius blandit. Integer non commodo libero. Quisque laoreet diam dolor, sed malesuada leo commodo eget. Class aptent taciti sociosqu ad litora torquent per conubia nostra, per inceptos himenaeos. Donec et ipsum leo.</span></p>', '2015-03-07 21:28:54', 6, 'project_u5GsCpTIb24r.jpg', 1),
(11, 'Tuat', 'Lorem ipsum dolor sit amet, consectetur adipiscing elit. Suspendisse bibendum accumsan massa sed malesuada. Quisque eu tortor et sapien condimentum condimentum. Nam nec viverra urna. Fusce ut eleifend risus, bibendum pellentesque risus. Fusce consectetur a elit nec consectetur. Proin vel felis ut mi rutrum semper. Nulla a quam ut lorem luctus convallis. Nunc eget purus egestas, tempor arcu nec, tempor ante. Nullam arcu magna, placerat id scelerisque eu, rhoncus molestie lacus. Vivamus vulputate orci eget varius blandit. Integer non commodo libero. Quisque laoreet diam dolor, sed malesuada leo commodo eget. Class aptent taciti sociosqu ad litora torquent per conubia nostra, per inceptos himenaeos. Donec et ipsum leo.', '<p><span >Lorem ipsum dolor sit amet, consectetur adipiscing elit. Suspendisse bibendum accumsan massa sed malesuada. Quisque eu tortor et sapien condimentum condimentum. Nam nec viverra urna. Fusce ut eleifend risus, bibendum pellentesque risus. Fusce consectetur a elit nec consectetur. Proin vel felis ut mi rutrum semper. Nulla a quam ut lorem luctus convallis. Nunc eget purus egestas, tempor arcu nec, tempor ante. Nullam arcu magna, placerat id scelerisque eu, rhoncus molestie lacus. Vivamus vulputate orci eget varius blandit. Integer non commodo libero. Quisque laoreet diam dolor, sed malesuada leo commodo eget. Class aptent taciti sociosqu ad litora torquent per conubia nostra, per inceptos himenaeos. Donec et ipsum leo.</span></p>', '2015-03-07 21:29:16', 3, 'project_8OhgDiWHvG8g.jpg', 1),
(12, 'Hoi', 'Lorem ipsum dolor sit amet, consectetur adipiscing elit. Suspendisse bibendum accumsan massa sed malesuada. Quisque eu tortor et sapien condimentum condimentum. Nam nec viverra urna. Fusce ut eleifend risus, bibendum pellentesque risus. Fusce consectetur a elit nec consectetur. Proin vel felis ut mi rutrum semper. Nulla a quam ut lorem luctus convallis. Nunc eget purus egestas, tempor arcu nec, tempor ante. Nullam arcu magna, placerat id scelerisque eu, rhoncus molestie lacus. Vivamus vulputate orci eget varius blandit. Integer non commodo libero. Quisque laoreet diam dolor, sed malesuada leo commodo eget. Class aptent taciti sociosqu ad litora torquent per conubia nostra, per inceptos himenaeos. Donec et ipsum leo.', '<p><span><strong>Lorem ipsum dolor sit amet,</strong> consectetur adipiscing elit. S<span>uspendisse bibendum accumsan massa sed malesuada.</span> Quisque eu tortor et sapien condimentum condimentum. Nam nec viverra urna. Fusce ut eleifend risus, bibendum pellentesque risus. <u>Fusce consectetur a elit nec consectetur. Proin vel felis ut mi rutrum semper. Nulla a quam ut lorem luctus convallis. Nunc eget purus egestas, tempor arcu nec, tempor ante. Nullam arcu magna, placerat id scelerisque eu, rhoncus molestie lacus.</u> Vivamus vulputate orci eget varius blandit. Integer non commodo libero. Quisque laoreet diam dolor, sed malesuada leo commodo eget.<em> Class aptent taciti sociosqu ad litora torquent per conubia nostra, per inceptos himenaeos. Donec et ipsum leo.</em></span></p>\n\n<p><span>How old are you ?</span></p>\n\n<table border="1" cellpadding="1" cellspacing="1">\n <tbody>\n  <tr>\n   <td>I am the top</td>\n   <td>I am the best</td>\n  </tr>\n  <tr>\n   <td>I am the master</td>\n   <td>No one can beat me</td>\n  </tr>\n  <tr>\n   <td>Who am I ?</td>\n   <td>It&#39;s me, Quang Nguy&#7877;n</td>\n  </tr>\n </tbody>\n</table>\n\n<p>Sha la l&#224; la</p>\n\n<p><u><em><strong>Code every night</strong></em></u></p>\n', '2015-03-16 12:32:37', 2, 'project_FngSExPkpJpI.jpg', 1),
(13, 'Yolo', 'Yolo', '<p><strong>- Ch&#432;&#417;ng tr&#236;nh CMU l&#224; 1 ch&#432;&#417;ng tr&#236;nh hay v&#224; th&#237;ch h&#7907;p cho nh&#7919;ng start project n&#7871;u nh&#432; ta tham gia ngay t&#7915; &#273;&#7847;u, v&#7899;i c&#225;i nh&#236;n t&#7893;ng th&#7875; d&#7921; &#225;n, c&#225;c b&#234;n li&#234;n quan, ki&#7871;n tr&#250;c, c&#244;ng ngh&#7879; v&#224; ph&#7841;m vi c&#7847;n gi&#7843;i quy&#7871;t c&#249;ng v&#7899;i vi&#7879;c ho&#7841;ch &#273;&#7883;nh chi&#7871;n l&#432;&#7907;c qui tr&#236;nh v&#224; c&#225;c c&#244;ng vi&#7879;c c&#7847;n x&#7917; l&#253; c&#361;ng nh&#432; gi&#225;m s&#225;t ch&#7863;t ch&#7869; nh&#7857;m &#273;&#7843;m b&#7843;o ch&#7845;t l&#432;&#7907;ng &#273;&#7847;u ra c&#7911;a s&#7843;n ph&#7849;m. D&#249; c&#243; l&#224; 1 team leader hay l&#224; member, nh&#432;ng &#237;t ra, ta &#273;&#227; &#273;i theo d&#7921; &#225;n ngay t&#7915; &#273;&#7847;u n&#234;n ta hi&#7875;u n&#243; d&#7877; d&#224;ng h&#417;n r&#7845;t nhi&#7873;u. &#272;&#226;y c&#361;ng l&#224; &#273;i&#7873;u m&#224; kh&#244;ng tr&#432;&#7901;ng &#272;H n&#224;o d&#7841;y cho sinh vi&#234;n, ho&#7863;c n&#7871;u c&#243; th&#236; c&#361;ng ch&#7881; qua loa, th&#7853;m ch&#237; c&#225;c sinh vi&#234;n tr&#432;&#7901;ng kh&#225;c c&#242;n kh&#244;ng quan t&#226;m qui tr&#236;nh m&#224; ch&#7881; quan t&#226;m giai &#273;o&#7841;n implement cho xong. &#160;</strong></p>\n\n<p><em>- C&#225; nh&#226;n em khi &#273;i l&#224;m &#273;&#7871;n th&#7903;i &#273;i&#7875;m hi&#7879;n t&#7841;i th&#236; v&#7851;n &#225;p d&#7909;ng nh&#7919;ng g&#236; m&#236;nh &#273;&#227; h&#7885;c, &#273;&#227; &#273;&#432;&#7907;c d&#7841;y, k&#297; n&#259;ng c&#7911;a em v&#7851;n ch&#7911; y&#7871;u l&#7845;y t&#7915; nh&#7919;ng vi&#7879;c em th&#7921;c h&#224;nh c&#225;c m&#244;n h&#7885;c khi c&#242;n ng&#7891;i tr&#234;n gh&#7871; nh&#224; tr&#432;&#7901;ng, n&#243; l&#224;m em nh&#7899; dai h&#417;n v&#224; em v&#7851;n ph&#7843;i t&#7921; t&#7841;o ra cho m&#236;nh 1 c&#225;i "working style" ri&#234;ng, c&#7853;p nh&#7853;t n&#243; khi c&#7847;n thi&#7871;t. Ngo&#224;i nh&#7919;ng k&#297; n&#259;ng c&#7847;n thi&#7871;t &#273;&#227; h&#7885;c trong 4 n&#259;m th&#236; l&#224;m vi&#7879;c l&#224;m check list, ghi timelog v&#224; ghi ch&#250; l&#7841;i nh&#7919;ng kinh nghi&#7879;m &#273;&#227; l&#224;m &#273;&#432;&#7907;c l&#224; 1 trong nh&#7919;ng k&#297; n&#259;ng em d&#249;ng m&#7895;i ng&#224;y &#273;&#7875; tr&#225;nh cho c&#244;ng vi&#7879;c m&#7845;t ki&#7875;m so&#225;t v&#224; xem l&#7841;i khi c&#7847;n thi&#7871;t.</em></p>\n\n<p><u>- Tuy ch&#432;a &#273;&#432;&#7907;c ti&#7871;p x&#250;c v&#7899;i c&#225;c start project nhi&#7873;u, v&#236; ph&#7847;n l&#7899;n em to&#224;n ph&#7843;i tham gia v&#224;o c&#225;c project d&#224;i h&#7841;n &#273;&#227; &#273;i &#273;&#432;&#7907;c ph&#226;n n&#7917;a &#273;o&#7841;n &#273;&#432;&#7901;ng, ho&#7863;c project &#273;&#227; b&#7883; deplay nh&#432;ng kh&#244;ng bi&#7871;t khi n&#224;o b&#7855;t &#273;&#7847;u l&#7841;i, ho&#7863;c th&#7853;m ch&#237; ph&#7843;i ti&#7871;p c&#7853;n v&#7899;i 1 project ph&#7843;i t&#225;i kh&#7903;i &#273;&#7897;ng tr&#7903; l&#7841;i t&#7915; phi&#234;n b&#7843;n tr&#432;&#7899;c &#273;&#243;, kh&#244;ng c&#243; t&#224;i li&#7879;u r&#245; r&#224;ng, kh&#244;ng ki&#7871;n tr&#250;c, kh&#244;ng technical leader, kh&#244;ng qui tr&#236;nh, kh&#244;ng bi&#7871;t ai l&#224;m nh&#7919;ng g&#236;, &#273;&#7891;ng nghi&#7879;p tr&#432;&#7899;c &#273;&#243; &#273;&#227; sang c&#244;ng ty kh&#225;c, kh&#244;ng c&#243; 1 team leader &#273;&#250;ng ngh&#297;a hay 1 project manager th&#7921;c s&#7921;, ch&#7881; c&#243; task v&#224; l&#224;m cho k&#7883;p theo s&#7921; h&#7889;i th&#250;c c&#7911;a s&#7871;p c&#361;ng nh&#432; l&#224;m k&#7883;p task c&#7911;a m&#236;nh &#273;&#7875; tr&#225;nh vi&#7879;c &#273;&#7891;ng nghi&#7879;p kh&#225;c ph&#7843;i &#244;m &#273;&#7891;m nhi&#7873;u vi&#7879;c, trong khi b&#7843;n th&#226;n m&#236;nh qu&#225; r&#7843;nh ho&#7863;c l&#224;m qu&#225; ch&#7853;m.</u></p>\n\n<p><s>- Nh&#432;ng v&#7899;i g&#236; trong su&#7889;t 4 n&#259;m l&#224;m tr&#432;&#7903;ng nh&#243;m khi c&#242;n h&#7885;c &#272;H, em v&#7851;n ph&#7843;i d&#249;ng ki&#7871;n th&#7913;c t&#7915; CMU, &#273;&#226;y l&#224; th&#7913; duy nh&#7845;t gi&#250;p em hi&#7875;u r&#245; m&#236;nh c&#7847;n ph&#7843;i l&#224;m g&#236; &#273;&#7875; ti&#7871;p c&#7853;n v&#224; h&#236;nh dung d&#7921; &#225;n l&#7841;i t&#7915;ng b&#432;&#7899;c m&#7897;t, d&#7921;ng l&#7841;i c&#225;c requirement c&#417; b&#7843;n, hi&#7875;u r&#245; ph&#7841;m vi, c&#361;ng nh&#432; ki&#7871;n tr&#250;c t&#7893;ng quan, t&#224;i li&#7879;u ho&#225; l&#7841;i v&#224; d&#249;ng n&#243; &#273;&#7875; theo d&#245;i, l&#224;m &#273;&#224; &#273;&#7875; ti&#7871;p t&#7909;c ph&#225;t tri&#7875;n d&#7921; &#225;n.&#160; Th&#7913; kh&#243; kh&#259;n l&#7899;n nh&#7845;t em g&#7863;p ph&#7843;i l&#224; v&#7845;n &#273;&#7873; v&#7873; k&#297; thu&#7853;t c&#242;n h&#7841;n ch&#7871;, ch&#432;a bi&#7871;t nhi&#7873;u n&#234;n c&#244;ng vi&#7879;c ph&#7847;n l&#7899;n ph&#7843;i t&#7921; research, t&#7921; h&#7885;c, t&#7921; th&#7921;c nghi&#7879;m ch&#250;ng tr&#432;&#7899;c khi&#160; b&#7855;t &#273;&#7847;u task c&#7911;a m&#236;nh, &#273;i&#7873;u n&#224;y khi&#7871;n em m&#7845;t nhi&#7873;u th&#7901;i gian h&#417;n c&#225;c &#273;&#7891;ng nghi&#7879;p kh&#225;c n&#234;n m&#7913;c &#273;&#7897; &#273;&#243;ng g&#243;p th&#432;&#7901;ng kh&#244;ng cao v&#224; th&#7881;nh tho&#7843;ng, khi task l&#224;m ch&#432;a xong th&#236; y&#234;u c&#7847;u l&#7841;i t&#7899;i th&#234;m, y&#234;u c&#7847;u d&#249;ng c&#244;ng ngh&#7879; m&#7899;i h&#417;n, l&#7841;i ph&#7843;i xem x&#233;t, thay &#273;&#7893;i v&#224; c&#243; khi ph&#7843;i b&#7887; &#273;i c&#7843; ph&#7847;n vi&#7879;c m&#236;nh &#273;&#227; l&#224;m tr&#432;&#7899;c &#273;&#243; (d&#249; &#273;&#227; xong hay c&#242;n dang d&#7903;) v&#224; b&#7855;t &#273;&#7847;u task m&#7899;i l&#7841;i t&#7915; &#273;&#7847;u.</s></p>\n\n<p><s><u><em><strong>- V&#7873; vi&#7879;c t&#7847;m quan tr&#7885;ng c&#7911;a ch&#7913;ng ch&#7881; CMU, theo quan &#273;i&#7875;m c&#225; nh&#226;n em th&#236; n&#243; c&#361;ng kh&#244;ng th&#7853;t s&#7921; c&#7847;n thi&#7871;t, v&#236; th&#7913; c&#7847;n thi&#7871;t ch&#237;nh l&#224; th&#7913; em &#273;&#227; tr&#7843;i qua v&#224; &#273;&#227; l&#224;m &#273;&#432;&#7907;c t&#7915; qu&#225; tr&#236;nh l&#224;m c&#225;c d&#7921; &#225;n &#7903; nh&#224; tr&#432;&#7901;ng, s&#7921; x&#7917; l&#253; t&#236;nh hu&#7889;ng, c&#225;ch ti&#7871;p c&#7853;n, c&#225;ch h&#7885;c v&#224; &#225;p d&#7909;ng ki&#7871;n th&#7913;c CMU th&#7871; n&#224;o cho ph&#249; h&#7907;p. Self study, learn by doing v&#7851;n l&#224; m&#7845;u ch&#7889;t c&#7847;n &#273;&#7875; ph&#225;t tri&#7875;n b&#7843;n th&#226;n, v&#7841;ch ra c&#225;c ph&#432;&#417;ng ph&#225;p &#273;&#250;ng &#273;&#7855;n c&#361;ng nh&#432; ti&#7871;p c&#7853;n c&#225;c v&#7845;n &#273;&#7873; v&#224; r&#250;t kinh nghi&#7879;m cho sau n&#224;y.&#160;&#160;</strong></em></u></s></p>\n', '2015-03-28 00:09:02', 6, NULL, 1),
(14, 'YALA', 'Hello world', '<p><strong>- Ch&#432;&#417;ng tr&#236;nh CMU l&#224; 1 ch&#432;&#417;ng tr&#236;nh hay v&#224; th&#237;ch h&#7907;p cho nh&#7919;ng start project n&#7871;u nh&#432; ta tham gia ngay t&#7915; &#273;&#7847;u, v&#7899;i c&#225;i nh&#236;n t&#7893;ng th&#7875; d&#7921; &#225;n, c&#225;c b&#234;n li&#234;n quan, ki&#7871;n tr&#250;c, c&#244;ng ngh&#7879; v&#224; ph&#7841;m vi c&#7847;n gi&#7843;i quy&#7871;t c&#249;ng v&#7899;i vi&#7879;c ho&#7841;ch &#273;&#7883;nh chi&#7871;n l&#432;&#7907;c qui tr&#236;nh v&#224; c&#225;c c&#244;ng vi&#7879;c c&#7847;n x&#7917; l&#253; c&#361;ng nh&#432; gi&#225;m s&#225;t ch&#7863;t ch&#7869; nh&#7857;m &#273;&#7843;m b&#7843;o ch&#7845;t l&#432;&#7907;ng &#273;&#7847;u ra c&#7911;a s&#7843;n ph&#7849;m. D&#249; c&#243; l&#224; 1 team leader hay l&#224; member, nh&#432;ng &#237;t ra, ta &#273;&#227; &#273;i theo d&#7921; &#225;n ngay t&#7915; &#273;&#7847;u n&#234;n ta hi&#7875;u n&#243; d&#7877; d&#224;ng h&#417;n r&#7845;t nhi&#7873;u. &#272;&#226;y c&#361;ng l&#224; &#273;i&#7873;u m&#224; kh&#244;ng tr&#432;&#7901;ng &#272;H n&#224;o d&#7841;y cho sinh vi&#234;n, ho&#7863;c n&#7871;u c&#243; th&#236; c&#361;ng ch&#7881; qua loa, th&#7853;m ch&#237; c&#225;c sinh vi&#234;n tr&#432;&#7901;ng kh&#225;c c&#242;n kh&#244;ng quan t&#226;m qui tr&#236;nh m&#224; ch&#7881; quan t&#226;m giai &#273;o&#7841;n implement cho xong. &#160;</strong></p>\n\n<p><em>- C&#225; nh&#226;n em khi &#273;i l&#224;m &#273;&#7871;n th&#7903;i &#273;i&#7875;m hi&#7879;n t&#7841;i th&#236; v&#7851;n &#225;p d&#7909;ng nh&#7919;ng g&#236; m&#236;nh &#273;&#227; h&#7885;c, &#273;&#227; &#273;&#432;&#7907;c d&#7841;y, k&#297; n&#259;ng c&#7911;a em v&#7851;n ch&#7911; y&#7871;u l&#7845;y t&#7915; nh&#7919;ng vi&#7879;c em th&#7921;c h&#224;nh c&#225;c m&#244;n h&#7885;c khi c&#242;n ng&#7891;i tr&#234;n gh&#7871; nh&#224; tr&#432;&#7901;ng, n&#243; l&#224;m em nh&#7899; dai h&#417;n v&#224; em v&#7851;n ph&#7843;i t&#7921; t&#7841;o ra cho m&#236;nh 1 c&#225;i "working style" ri&#234;ng, c&#7853;p nh&#7853;t n&#243; khi c&#7847;n thi&#7871;t. Ngo&#224;i nh&#7919;ng k&#297; n&#259;ng c&#7847;n thi&#7871;t &#273;&#227; h&#7885;c trong 4 n&#259;m th&#236; l&#224;m vi&#7879;c l&#224;m check list, ghi timelog v&#224; ghi ch&#250; l&#7841;i nh&#7919;ng kinh nghi&#7879;m &#273;&#227; l&#224;m &#273;&#432;&#7907;c l&#224; 1 trong nh&#7919;ng k&#297; n&#259;ng em d&#249;ng m&#7895;i ng&#224;y &#273;&#7875; tr&#225;nh cho c&#244;ng vi&#7879;c m&#7845;t ki&#7875;m so&#225;t v&#224; xem l&#7841;i khi c&#7847;n thi&#7871;t.</em></p>\n\n<p><u>- Tuy ch&#432;a &#273;&#432;&#7907;c ti&#7871;p x&#250;c v&#7899;i c&#225;c start project nhi&#7873;u, v&#236; ph&#7847;n l&#7899;n em to&#224;n ph&#7843;i tham gia v&#224;o c&#225;c project d&#224;i h&#7841;n &#273;&#227; &#273;i &#273;&#432;&#7907;c ph&#226;n n&#7917;a &#273;o&#7841;n &#273;&#432;&#7901;ng, ho&#7863;c project &#273;&#227; b&#7883; deplay nh&#432;ng kh&#244;ng bi&#7871;t khi n&#224;o b&#7855;t &#273;&#7847;u l&#7841;i, ho&#7863;c th&#7853;m ch&#237; ph&#7843;i ti&#7871;p c&#7853;n v&#7899;i 1 project ph&#7843;i t&#225;i kh&#7903;i &#273;&#7897;ng tr&#7903; l&#7841;i t&#7915; phi&#234;n b&#7843;n tr&#432;&#7899;c &#273;&#243;, kh&#244;ng c&#243; t&#224;i li&#7879;u r&#245; r&#224;ng, kh&#244;ng ki&#7871;n tr&#250;c, kh&#244;ng technical leader, kh&#244;ng qui tr&#236;nh, kh&#244;ng bi&#7871;t ai l&#224;m nh&#7919;ng g&#236;, &#273;&#7891;ng nghi&#7879;p tr&#432;&#7899;c &#273;&#243; &#273;&#227; sang c&#244;ng ty kh&#225;c, kh&#244;ng c&#243; 1 team leader &#273;&#250;ng ngh&#297;a hay 1 project manager th&#7921;c s&#7921;, ch&#7881; c&#243; task v&#224; l&#224;m cho k&#7883;p theo s&#7921; h&#7889;i th&#250;c c&#7911;a s&#7871;p c&#361;ng nh&#432; l&#224;m k&#7883;p task c&#7911;a m&#236;nh &#273;&#7875; tr&#225;nh vi&#7879;c &#273;&#7891;ng nghi&#7879;p kh&#225;c ph&#7843;i &#244;m &#273;&#7891;m nhi&#7873;u vi&#7879;c, trong khi b&#7843;n th&#226;n m&#236;nh qu&#225; r&#7843;nh ho&#7863;c l&#224;m qu&#225; ch&#7853;m.</u></p>\n\n<p><s>- Nh&#432;ng v&#7899;i g&#236; trong su&#7889;t 4 n&#259;m l&#224;m tr&#432;&#7903;ng nh&#243;m khi c&#242;n h&#7885;c &#272;H, em v&#7851;n ph&#7843;i d&#249;ng ki&#7871;n th&#7913;c t&#7915; CMU, &#273;&#226;y l&#224; th&#7913; duy nh&#7845;t gi&#250;p em hi&#7875;u r&#245; m&#236;nh c&#7847;n ph&#7843;i l&#224;m g&#236; &#273;&#7875; ti&#7871;p c&#7853;n v&#224; h&#236;nh dung d&#7921; &#225;n l&#7841;i t&#7915;ng b&#432;&#7899;c m&#7897;t, d&#7921;ng l&#7841;i c&#225;c requirement c&#417; b&#7843;n, hi&#7875;u r&#245; ph&#7841;m vi, c&#361;ng nh&#432; ki&#7871;n tr&#250;c t&#7893;ng quan, t&#224;i li&#7879;u ho&#225; l&#7841;i v&#224; d&#249;ng n&#243; &#273;&#7875; theo d&#245;i, l&#224;m &#273;&#224; &#273;&#7875; ti&#7871;p t&#7909;c ph&#225;t tri&#7875;n d&#7921; &#225;n.&#160; Th&#7913; kh&#243; kh&#259;n l&#7899;n nh&#7845;t em g&#7863;p ph&#7843;i l&#224; v&#7845;n &#273;&#7873; v&#7873; k&#297; thu&#7853;t c&#242;n h&#7841;n ch&#7871;, ch&#432;a bi&#7871;t nhi&#7873;u n&#234;n c&#244;ng vi&#7879;c ph&#7847;n l&#7899;n ph&#7843;i t&#7921; research, t&#7921; h&#7885;c, t&#7921; th&#7921;c nghi&#7879;m ch&#250;ng tr&#432;&#7899;c khi&#160; b&#7855;t &#273;&#7847;u task c&#7911;a m&#236;nh, &#273;i&#7873;u n&#224;y khi&#7871;n em m&#7845;t nhi&#7873;u th&#7901;i gian h&#417;n c&#225;c &#273;&#7891;ng nghi&#7879;p kh&#225;c n&#234;n m&#7913;c &#273;&#7897; &#273;&#243;ng g&#243;p th&#432;&#7901;ng kh&#244;ng cao v&#224; th&#7881;nh tho&#7843;ng, khi task l&#224;m ch&#432;a xong th&#236; y&#234;u c&#7847;u l&#7841;i t&#7899;i th&#234;m, y&#234;u c&#7847;u d&#249;ng c&#244;ng ngh&#7879; m&#7899;i h&#417;n, l&#7841;i ph&#7843;i xem x&#233;t, thay &#273;&#7893;i v&#224; c&#243; khi ph&#7843;i b&#7887; &#273;i c&#7843; ph&#7847;n vi&#7879;c m&#236;nh &#273;&#227; l&#224;m tr&#432;&#7899;c &#273;&#243; (d&#249; &#273;&#227; xong hay c&#242;n dang d&#7903;) v&#224; b&#7855;t &#273;&#7847;u task m&#7899;i l&#7841;i t&#7915; &#273;&#7847;u.</s></p>\n\n<p>- V&#7873; vi&#7879;c t&#7847;m quan tr&#7885;ng c&#7911;a ch&#7913;ng ch&#7881; CMU, theo quan &#273;i&#7875;m c&#225; nh&#226;n em th&#236; n&#243; c&#361;ng kh&#244;ng th&#7853;t s&#7921; c&#7847;n thi&#7871;t, v&#236; th&#7913; c&#7847;n thi&#7871;t ch&#237;nh l&#224; th&#7913; em &#273;&#227; tr&#7843;i qua v&#224; &#273;&#227; l&#224;m &#273;&#432;&#7907;c t&#7915; qu&#225; tr&#236;nh l&#224;m c&#225;c d&#7921; &#225;n &#7903; nh&#224; tr&#432;&#7901;ng, s&#7921; x&#7917; l&#253; t&#236;nh hu&#7889;ng, c&#225;ch ti&#7871;p c&#7853;n, c&#225;ch h&#7885;c v&#224; &#225;p d&#7909;ng ki&#7871;n th&#7913;c CMU th&#7871; n&#224;o cho ph&#249; h&#7907;p. Self study, learn by doing v&#7851;n l&#224; m&#7845;u ch&#7889;t c&#7847;n &#273;&#7875; ph&#225;t tri&#7875;n b&#7843;n th&#226;n, v&#7841;ch ra c&#225;c ph&#432;&#417;ng ph&#225;p &#273;&#250;ng &#273;&#7855;n c&#361;ng nh&#432; ti&#7871;p c&#7853;n c&#225;c v&#7845;n &#273;&#7873; v&#224; r&#250;t kinh nghi&#7879;m cho sau n&#224;y.&#160;&#160;</p>\n', '2015-03-28 00:09:02', 6, NULL, 1);

-- --------------------------------------------------------

--
-- Table structure for table `users`
--

CREATE TABLE IF NOT EXISTS `users` (
`id` int(11) NOT NULL,
  `username` varchar(50) COLLATE utf8_bin NOT NULL,
  `password` varchar(255) COLLATE utf8_bin NOT NULL,
  `email` varchar(100) COLLATE utf8_bin NOT NULL,
  `activated` tinyint(1) NOT NULL DEFAULT '1',
  `banned` tinyint(1) NOT NULL DEFAULT '0',
  `ban_reason` varchar(255) COLLATE utf8_bin DEFAULT NULL,
  `new_password_key` varchar(50) COLLATE utf8_bin DEFAULT NULL,
  `new_password_requested` datetime DEFAULT NULL,
  `new_email` varchar(100) COLLATE utf8_bin DEFAULT NULL,
  `new_email_key` varchar(50) COLLATE utf8_bin DEFAULT NULL,
  `last_ip` varchar(40) COLLATE utf8_bin NOT NULL,
  `last_login` datetime NOT NULL DEFAULT '0000-00-00 00:00:00',
  `created` datetime NOT NULL DEFAULT '0000-00-00 00:00:00',
  `modified` timestamp NOT NULL DEFAULT CURRENT_TIMESTAMP ON UPDATE CURRENT_TIMESTAMP,
  `authenticate_level` varchar(20) COLLATE utf8_bin NOT NULL
) ENGINE=InnoDB AUTO_INCREMENT=2 DEFAULT CHARSET=utf8 COLLATE=utf8_bin;

--
-- Dumping data for table `users`
--

INSERT INTO `users` (`id`, `username`, `password`, `email`, `activated`, `banned`, `ban_reason`, `new_password_key`, `new_password_requested`, `new_email`, `new_email_key`, `last_ip`, `last_login`, `created`, `modified`, `authenticate_level`) VALUES
(1, 'quang_thecenmaster', '$2a$08$0jqgQ2Nn1UvmfaegNayrpOMBqijaB.A/sQDE3wwQZ8O5BtiTG86Mu', 'nguyenphuquangk15t1@gmail.com', 1, 0, NULL, NULL, NULL, NULL, '710c8b683ac4b1874b56d0e322dc5e05', '::1', '2015-03-27 18:08:41', '2015-03-02 18:49:09', '2015-03-27 17:08:41', 'admin');

-- --------------------------------------------------------

--
-- Table structure for table `user_autologin`
--

CREATE TABLE IF NOT EXISTS `user_autologin` (
  `key_id` char(32) COLLATE utf8_bin NOT NULL,
  `user_id` int(11) NOT NULL DEFAULT '0',
  `user_agent` varchar(150) COLLATE utf8_bin NOT NULL,
  `last_ip` varchar(40) COLLATE utf8_bin NOT NULL,
  `last_login` timestamp NOT NULL DEFAULT CURRENT_TIMESTAMP ON UPDATE CURRENT_TIMESTAMP
) ENGINE=InnoDB DEFAULT CHARSET=utf8 COLLATE=utf8_bin;

-- --------------------------------------------------------

--
-- Table structure for table `user_profiles`
--

CREATE TABLE IF NOT EXISTS `user_profiles` (
`id` int(11) NOT NULL,
  `user_id` int(11) NOT NULL,
  `country` varchar(20) COLLATE utf8_bin DEFAULT NULL,
  `website` varchar(255) COLLATE utf8_bin DEFAULT NULL
) ENGINE=InnoDB DEFAULT CHARSET=utf8 COLLATE=utf8_bin;

--
-- Indexes for dumped tables
--

--
-- Indexes for table `blog_brief`
--
ALTER TABLE `blog_brief`
 ADD PRIMARY KEY (`blog_id`);

--
-- Indexes for table `category`
--
ALTER TABLE `category`
 ADD PRIMARY KEY (`category_id`);

--
-- Indexes for table `ci_sessions`
--
ALTER TABLE `ci_sessions`
 ADD PRIMARY KEY (`session_id`);

--
-- Indexes for table `login_attempts`
--
ALTER TABLE `login_attempts`
 ADD PRIMARY KEY (`id`);

--
-- Indexes for table `project_brief`
--
ALTER TABLE `project_brief`
 ADD PRIMARY KEY (`id`);

--
-- Indexes for table `users`
--
ALTER TABLE `users`
 ADD PRIMARY KEY (`id`);

--
-- Indexes for table `user_autologin`
--
ALTER TABLE `user_autologin`
 ADD PRIMARY KEY (`key_id`,`user_id`);

--
-- Indexes for table `user_profiles`
--
ALTER TABLE `user_profiles`
 ADD PRIMARY KEY (`id`);

--
-- AUTO_INCREMENT for dumped tables
--

--
-- AUTO_INCREMENT for table `blog_brief`
--
ALTER TABLE `blog_brief`
MODIFY `blog_id` int(11) NOT NULL AUTO_INCREMENT,AUTO_INCREMENT=13;
--
-- AUTO_INCREMENT for table `category`
--
ALTER TABLE `category`
MODIFY `category_id` int(11) NOT NULL AUTO_INCREMENT,AUTO_INCREMENT=12;
--
-- AUTO_INCREMENT for table `login_attempts`
--
ALTER TABLE `login_attempts`
MODIFY `id` int(11) NOT NULL AUTO_INCREMENT;
--
-- AUTO_INCREMENT for table `project_brief`
--
ALTER TABLE `project_brief`
MODIFY `id` int(11) NOT NULL AUTO_INCREMENT,AUTO_INCREMENT=15;
--
-- AUTO_INCREMENT for table `users`
--
ALTER TABLE `users`
MODIFY `id` int(11) NOT NULL AUTO_INCREMENT,AUTO_INCREMENT=2;
--
-- AUTO_INCREMENT for table `user_profiles`
--
ALTER TABLE `user_profiles`
MODIFY `id` int(11) NOT NULL AUTO_INCREMENT;
/*!40101 SET CHARACTER_SET_CLIENT=@OLD_CHARACTER_SET_CLIENT */;
/*!40101 SET CHARACTER_SET_RESULTS=@OLD_CHARACTER_SET_RESULTS */;
/*!40101 SET COLLATION_CONNECTION=@OLD_COLLATION_CONNECTION */;
